SortOrder,LocID,Notes,ISO3_code,ISO2_code,SDMX_code,LocTypeID,LocTypeName,ParentID,Location,VarID,Variant,Time,MidPeriod,AgeGrp,AgeGrpStart,AgeGrpSpan,ASFR,PASFR,Births
104,392,,JPN,JP,392,4,Country/Area,906,Japan,2,Medium,1950,1950.5,15-19,15,5,12.635,1.723,54.936
104,392,,JPN,JP,392,4,Country/Area,906,Japan,2,Medium,1950,1950.5,20-24,20,5,160.355,21.867,639.404
104,392,,JPN,JP,392,4,Country/Area,906,Japan,2,Medium,1950,1950.5,25-29,25,5,237.881,32.439,815.371
104,392,,JPN,JP,392,4,Country/Area,906,Japan,2,Medium,1950,1950.5,30-34,30,5,177.258,24.172,505.058
104,392,,JPN,JP,392,4,Country/Area,906,Japan,2,Medium,1950,1950.5,35-39,35,5,105.388,14.371,283.878
104,392,,JPN,JP,392,4,Country/Area,906,Japan,2,Medium,1950,1950.5,40-44,40,5,37.287,5.085,85.616
104,392,,JPN,JP,392,4,Country/Area,906,Japan,2,Medium,1950,1950.5,45-49,45,5,2.407,0.328,4.786
104,392,,JPN,JP,392,4,Country/Area,906,Japan,2,Medium,1950,1950.5,50-54,50,5,0.105,0.014,0.177
104,392,,JPN,JP,392,4,Country/Area,906,Japan,2,Medium,1951,1951.5,14-Oct,10,5,0.0,0.0,0.0
104,392,,JPN,JP,392,4,Country/Area,906,Japan,2,Medium,1951,1951.5,15-19,15,5,10.462,1.608,45.965
104,392,,JPN,JP,392,4,Country/Area,906,Japan,2,Medium,1951,1951.5,20-24,20,5,141.196,21.695,571.351
104,392,,JPN,JP,392,4,Country/Area,906,Japan,2,Medium,1951,1951.5,25-29,25,5,217.564,33.43,768.408
104,392,,JPN,JP,392,4,Country/Area,906,Japan,2,Medium,1951,1951.5,30-34,30,5,160.472,24.657,469.367
104,392,,JPN,JP,392,4,Country/Area,906,Japan,2,Medium,1951,1951.5,35-39,35,5,89.599,13.767,244.33
104,392,,JPN,JP,392,4,Country/Area,906,Japan,2,Medium,1951,1951.5,40-44,40,5,29.666,4.558,71.038
104,392,,JPN,JP,392,4,Country/Area,906,Japan,2,Medium,1951,1951.5,45-49,45,5,1.776,0.273,3.544
104,392,,JPN,JP,392,4,Country/Area,906,Japan,2,Medium,1951,1951.5,50-54,50,5,0.078,0.012,0.135
104,392,,JPN,JP,392,4,Country/Area,906,Japan,2,Medium,1952,1952.5,14-Oct,10,5,0.0,0.0,0.0
104,392,,JPN,JP,392,4,Country/Area,906,Japan,2,Medium,1952,1952.5,15-19,15,5,8.609,1.452,38.038
104,392,,JPN,JP,392,4,Country/Area,906,Japan,2,Medium,1952,1952.5,20-24,20,5,129.363,21.822,532.389
104,392,,JPN,JP,392,4,Country/Area,906,Japan,2,Medium,1952,1952.5,25-29,25,5,205.145,34.606,747.003
104,392,,JPN,JP,392,4,Country/Area,906,Japan,2,Medium,1952,1952.5,30-34,30,5,147.708,24.917,444.787
104,392,,JPN,JP,392,4,Country/Area,906,Japan,2,Medium,1952,1952.5,35-39,35,5,76.901,12.972,211.171
104,392,,JPN,JP,392,4,Country/Area,906,Japan,2,Medium,1952,1952.5,40-44,40,5,23.573,3.976,58.531
104,392,,JPN,JP,392,4,Country/Area,906,Japan,2,Medium,1952,1952.5,45-49,45,5,1.426,0.24,2.876
104,392,,JPN,JP,392,4,Country/Area,906,Japan,2,Medium,1952,1952.5,50-54,50,5,0.079,0.013,0.142
104,392,,JPN,JP,392,4,Country/Area,906,Japan,2,Medium,1953,1953.5,14-Oct,10,5,0.0,0.0,0.0
104,392,,JPN,JP,392,4,Country/Area,906,Japan,2,Medium,1953,1953.5,15-19,15,5,7.212,1.342,31.765
104,392,,JPN,JP,392,4,Country/Area,906,Japan,2,Medium,1953,1953.5,20-24,20,5,120.048,22.338,502.489
104,392,,JPN,JP,392,4,Country/Area,906,Japan,2,Medium,1953,1953.5,25-29,25,5,192.139,35.752,717.487
104,392,,JPN,JP,392,4,Country/Area,906,Japan,2,Medium,1953,1953.5,30-34,30,5,133.447,24.831,417.925
104,392,,JPN,JP,392,4,Country/Area,906,Japan,2,Medium,1953,1953.5,35-39,35,5,64.86,12.069,178.382
104,392,,JPN,JP,392,4,Country/Area,906,Japan,2,Medium,1953,1953.5,40-44,40,5,18.504,3.443,47.069
104,392,,JPN,JP,392,4,Country/Area,906,Japan,2,Medium,1953,1953.5,45-49,45,5,1.128,0.21,2.34
104,392,,JPN,JP,392,4,Country/Area,906,Japan,2,Medium,1953,1953.5,50-54,50,5,0.078,0.015,0.146
104,392,,JPN,JP,392,4,Country/Area,906,Japan,2,Medium,1954,1954.5,14-Oct,10,5,0.0,0.0,0.0
104,392,,JPN,JP,392,4,Country/Area,906,Japan,2,Medium,1954,1954.5,15-19,15,5,6.402,1.287,27.901
104,392,,JPN,JP,392,4,Country/Area,906,Japan,2,Medium,1954,1954.5,20-24,20,5,114.103,22.943,484.463
104,392,,JPN,JP,392,4,Country/Area,906,Japan,2,Medium,1954,1954.5,25-29,25,5,183.144,36.825,699.36
104,392,,JPN,JP,392,4,Country/Area,906,Japan,2,Medium,1954,1954.5,30-34,30,5,121.797,24.49,398.009
104,392,,JPN,JP,392,4,Country/Area,906,Japan,2,Medium,1954,1954.5,35-39,35,5,55.767,11.213,153.507
104,392,,JPN,JP,392,4,Country/Area,906,Japan,2,Medium,1954,1954.5,40-44,40,5,15.116,3.039,39.218
104,392,,JPN,JP,392,4,Country/Area,906,Japan,2,Medium,1954,1954.5,45-49,45,5,0.929,0.187,2.002
104,392,,JPN,JP,392,4,Country/Area,906,Japan,2,Medium,1954,1954.5,50-54,50,5,0.078,0.016,0.147
104,392,,JPN,JP,392,4,Country/Area,906,Japan,2,Medium,1955,1955.5,14-Oct,10,5,0.0,0.0,0.0
104,392,,JPN,JP,392,4,Country/Area,906,Japan,2,Medium,1955,1955.5,15-19,15,5,5.895,1.238,25.617
104,392,,JPN,JP,392,4,Country/Area,906,Japan,2,Medium,1955,1955.5,20-24,20,5,111.787,23.48,480.674
104,392,,JPN,JP,392,4,Country/Area,906,Japan,2,Medium,1955,1955.5,25-29,25,5,181.29,38.079,705.184
104,392,,JPN,JP,392,4,Country/Area,906,Japan,2,Medium,1955,1955.5,30-34,30,5,113.618,23.865,384.358
104,392,,JPN,JP,392,4,Country/Area,906,Japan,2,Medium,1955,1955.5,35-39,35,5,49.939,10.489,139.792
104,392,,JPN,JP,392,4,Country/Area,906,Japan,2,Medium,1955,1955.5,40-44,40,5,12.773,2.683,33.7
104,392,,JPN,JP,392,4,Country/Area,906,Japan,2,Medium,1955,1955.5,45-49,45,5,0.715,0.15,1.608
104,392,,JPN,JP,392,4,Country/Area,906,Japan,2,Medium,1955,1955.5,50-54,50,5,0.075,0.016,0.144
104,392,,JPN,JP,392,4,Country/Area,906,Japan,2,Medium,1956,1956.5,14-Oct,10,5,0.0,0.0,0.0
104,392,,JPN,JP,392,4,Country/Area,906,Japan,2,Medium,1956,1956.5,15-19,15,5,5.037,1.128,22.174
104,392,,JPN,JP,392,4,Country/Area,906,Japan,2,Medium,1956,1956.5,20-24,20,5,107.844,24.139,468.967
104,392,,JPN,JP,392,4,Country/Area,906,Japan,2,Medium,1956,1956.5,25-29,25,5,176.24,39.448,696.614
104,392,,JPN,JP,392,4,Country/Area,906,Japan,2,Medium,1956,1956.5,30-34,30,5,102.791,23.008,358.743
104,392,,JPN,JP,392,4,Country/Area,906,Japan,2,Medium,1956,1956.5,35-39,35,5,43.628,9.765,125.563
104,392,,JPN,JP,392,4,Country/Area,906,Japan,2,Medium,1956,1956.5,40-44,40,5,10.621,2.377,28.401
104,392,,JPN,JP,392,4,Country/Area,906,Japan,2,Medium,1956,1956.5,45-49,45,5,0.532,0.119,1.247
104,392,,JPN,JP,392,4,Country/Area,906,Japan,2,Medium,1956,1956.5,50-54,50,5,0.072,0.016,0.139
104,392,,JPN,JP,392,4,Country/Area,906,Japan,2,Medium,1957,1957.5,14-Oct,10,5,0.0,0.0,0.0
104,392,,JPN,JP,392,4,Country/Area,906,Japan,2,Medium,1957,1957.5,15-19,15,5,4.115,0.998,18.484
104,392,,JPN,JP,392,4,Country/Area,906,Japan,2,Medium,1957,1957.5,20-24,20,5,101.429,24.589,443.68
104,392,,JPN,JP,392,4,Country/Area,906,Japan,2,Medium,1957,1957.5,25-29,25,5,170.53,41.34,685.677
104,392,,JPN,JP,392,4,Country/Area,906,Japan,2,Medium,1957,1957.5,30-34,30,5,91.503,22.182,329.262
104,392,,JPN,JP,392,4,Country/Area,906,Japan,2,Medium,1957,1957.5,35-39,35,5,36.16,8.766,107.236
104,392,,JPN,JP,392,4,Country/Area,906,Japan,2,Medium,1957,1957.5,40-44,40,5,8.304,2.013,22.369
104,392,,JPN,JP,392,4,Country/Area,906,Japan,2,Medium,1957,1957.5,45-49,45,5,0.389,0.094,0.946
104,392,,JPN,JP,392,4,Country/Area,906,Japan,2,Medium,1957,1957.5,50-54,50,5,0.072,0.017,0.14
104,392,,JPN,JP,392,4,Country/Area,906,Japan,2,Medium,1958,1958.5,14-Oct,10,5,0.0,0.0,0.0
104,392,,JPN,JP,392,4,Country/Area,906,Japan,2,Medium,1958,1958.5,15-19,15,5,3.779,0.888,17.387
104,392,,JPN,JP,392,4,Country/Area,906,Japan,2,Medium,1958,1958.5,20-24,20,5,108.459,25.475,472.954
104,392,,JPN,JP,392,4,Country/Area,906,Japan,2,Medium,1958,1958.5,25-29,25,5,181.482,42.626,742.253
104,392,,JPN,JP,392,4,Country/Area,906,Japan,2,Medium,1958,1958.5,30-34,30,5,90.851,21.339,335.008
104,392,,JPN,JP,392,4,Country/Area,906,Japan,2,Medium,1958,1958.5,35-39,35,5,33.265,7.813,102.635
104,392,,JPN,JP,392,4,Country/Area,906,Japan,2,Medium,1958,1958.5,40-44,40,5,7.487,1.759,20.208
104,392,,JPN,JP,392,4,Country/Area,906,Japan,2,Medium,1958,1958.5,45-49,45,5,0.35,0.082,0.871
104,392,,JPN,JP,392,4,Country/Area,906,Japan,2,Medium,1958,1958.5,50-54,50,5,0.083,0.019,0.166
104,392,,JPN,JP,392,4,Country/Area,906,Japan,2,Medium,1959,1959.5,14-Oct,10,5,0.0,0.0,0.0
104,392,,JPN,JP,392,4,Country/Area,906,Japan,2,Medium,1959,1959.5,15-19,15,5,3.9,0.942,18.403
104,392,,JPN,JP,392,4,Country/Area,906,Japan,2,Medium,1959,1959.5,20-24,20,5,109.642,26.483,473.269
104,392,,JPN,JP,392,4,Country/Area,906,Japan,2,Medium,1959,1959.5,25-29,25,5,180.093,43.5,747.309
104,392,,JPN,JP,392,4,Country/Area,906,Japan,2,Medium,1959,1959.5,30-34,30,5,85.026,20.538,320.358
104,392,,JPN,JP,392,4,Country/Area,906,Japan,2,Medium,1959,1959.5,35-39,35,5,28.671,6.925,92.326
104,392,,JPN,JP,392,4,Country/Area,906,Japan,2,Medium,1959,1959.5,40-44,40,5,6.294,1.52,17.009
104,392,,JPN,JP,392,4,Country/Area,906,Japan,2,Medium,1959,1959.5,45-49,45,5,0.288,0.07,0.732
104,392,,JPN,JP,392,4,Country/Area,906,Japan,2,Medium,1959,1959.5,50-54,50,5,0.088,0.021,0.183
104,392,,JPN,JP,392,4,Country/Area,906,Japan,2,Medium,1960,1960.5,14-Oct,10,5,0.0,0.0,0.0
104,392,,JPN,JP,392,4,Country/Area,906,Japan,2,Medium,1960,1960.5,15-19,15,5,4.261,1.051,20.077
104,392,,JPN,JP,392,4,Country/Area,906,Japan,2,Medium,1960,1960.5,20-24,20,5,108.204,26.689,466.0
104,392,,JPN,JP,392,4,Country/Area,906,Japan,2,Medium,1960,1960.5,25-29,25,5,181.88,44.861,764.699
104,392,,JPN,JP,392,4,Country/Area,906,Japan,2,Medium,1960,1960.5,30-34,30,5,81.082,19.999,311.01
104,392,,JPN,JP,392,4,Country/Area,906,Japan,2,Medium,1960,1960.5,35-39,35,5,24.391,6.016,81.315
104,392,,JPN,JP,392,4,Country/Area,906,Japan,2,Medium,1960,1960.5,40-44,40,5,5.275,1.301,14.503
104,392,,JPN,JP,392,4,Country/Area,906,Japan,2,Medium,1960,1960.5,45-49,45,5,0.248,0.061,0.64
104,392,,JPN,JP,392,4,Country/Area,906,Japan,2,Medium,1960,1960.5,50-54,50,5,0.088,0.022,0.193
104,392,,JPN,JP,392,4,Country/Area,906,Japan,2,Medium,1961,1961.5,14-Oct,10,5,0.0,0.0,0.0
104,392,,JPN,JP,392,4,Country/Area,906,Japan,2,Medium,1961,1961.5,15-19,15,5,4.348,1.093,19.936
104,392,,JPN,JP,392,4,Country/Area,906,Japan,2,Medium,1961,1961.5,20-24,20,5,102.187,25.686,446.223
104,392,,JPN,JP,392,4,Country/Area,906,Japan,2,Medium,1961,1961.5,25-29,25,5,184.794,46.45,786.648
104,392,,JPN,JP,392,4,Country/Area,906,Japan,2,Medium,1961,1961.5,30-34,30,5,79.913,20.087,311.601
104,392,,JPN,JP,392,4,Country/Area,906,Japan,2,Medium,1961,1961.5,35-39,35,5,21.677,5.449,74.565
104,392,,JPN,JP,392,4,Country/Area,906,Japan,2,Medium,1961,1961.5,40-44,40,5,4.606,1.158,13.026
104,392,,JPN,JP,392,4,Country/Area,906,Japan,2,Medium,1961,1961.5,45-49,45,5,0.225,0.056,0.588
104,392,,JPN,JP,392,4,Country/Area,906,Japan,2,Medium,1961,1961.5,50-54,50,5,0.086,0.022,0.195
104,392,,JPN,JP,392,4,Country/Area,906,Japan,2,Medium,1962,1962.5,14-Oct,10,5,0.0,0.0,0.0
104,392,,JPN,JP,392,4,Country/Area,906,Japan,2,Medium,1962,1962.5,15-19,15,5,4.015,1.009,18.565
104,392,,JPN,JP,392,4,Country/Area,906,Japan,2,Medium,1962,1962.5,20-24,20,5,99.723,25.054,444.939
104,392,,JPN,JP,392,4,Country/Area,906,Japan,2,Medium,1962,1962.5,25-29,25,5,189.696,47.658,813.828
104,392,,JPN,JP,392,4,Country/Area,906,Japan,2,Medium,1962,1962.5,30-34,30,5,80.396,20.198,319.369
104,392,,JPN,JP,392,4,Country/Area,906,Japan,2,Medium,1962,1962.5,35-39,35,5,19.891,4.997,70.561
104,392,,JPN,JP,392,4,Country/Area,906,Japan,2,Medium,1962,1962.5,40-44,40,5,4.01,1.007,11.691
104,392,,JPN,JP,392,4,Country/Area,906,Japan,2,Medium,1962,1962.5,45-49,45,5,0.213,0.054,0.563
104,392,,JPN,JP,392,4,Country/Area,906,Japan,2,Medium,1962,1962.5,50-54,50,5,0.092,0.023,0.217
104,392,,JPN,JP,392,4,Country/Area,906,Japan,2,Medium,1963,1963.5,14-Oct,10,5,0.0,0.0,0.0
104,392,,JPN,JP,392,4,Country/Area,906,Japan,2,Medium,1963,1963.5,15-19,15,5,3.444,0.853,16.744
104,392,,JPN,JP,392,4,Country/Area,906,Japan,2,Medium,1963,1963.5,20-24,20,5,99.237,24.584,454.329
104,392,,JPN,JP,392,4,Country/Area,906,Japan,2,Medium,1963,1963.5,25-29,25,5,194.361,48.15,833.145
104,392,,JPN,JP,392,4,Country/Area,906,Japan,2,Medium,1963,1963.5,30-34,30,5,83.336,20.645,337.397
104,392,,JPN,JP,392,4,Country/Area,906,Japan,2,Medium,1963,1963.5,35-39,35,5,19.414,4.81,70.598
104,392,,JPN,JP,392,4,Country/Area,906,Japan,2,Medium,1963,1963.5,40-44,40,5,3.567,0.884,10.827
104,392,,JPN,JP,392,4,Country/Area,906,Japan,2,Medium,1963,1963.5,45-49,45,5,0.205,0.051,0.541
104,392,,JPN,JP,392,4,Country/Area,906,Japan,2,Medium,1963,1963.5,50-54,50,5,0.095,0.023,0.229
104,392,,JPN,JP,392,4,Country/Area,906,Japan,2,Medium,1964,1964.5,14-Oct,10,5,0.0,0.0,0.0
104,392,,JPN,JP,392,4,Country/Area,906,Japan,2,Medium,1964,1964.5,15-19,15,5,2.836,0.686,14.566
104,392,,JPN,JP,392,4,Country/Area,906,Japan,2,Medium,1964,1964.5,20-24,20,5,106.399,25.744,500.853
104,392,,JPN,JP,392,4,Country/Area,906,Japan,2,Medium,1964,1964.5,25-29,25,5,196.758,47.607,836.935
104,392,,JPN,JP,392,4,Country/Area,906,Japan,2,Medium,1964,1964.5,30-34,30,5,84.445,20.432,347.469
104,392,,JPN,JP,392,4,Country/Area,906,Japan,2,Medium,1964,1964.5,35-39,35,5,19.282,4.665,71.687
104,392,,JPN,JP,392,4,Country/Area,906,Japan,2,Medium,1964,1964.5,40-44,40,5,3.28,0.794,10.399
104,392,,JPN,JP,392,4,Country/Area,906,Japan,2,Medium,1964,1964.5,45-49,45,5,0.199,0.048,0.527
104,392,,JPN,JP,392,4,Country/Area,906,Japan,2,Medium,1964,1964.5,50-54,50,5,0.101,0.024,0.25
104,392,,JPN,JP,392,4,Country/Area,906,Japan,2,Medium,1965,1965.5,14-Oct,10,5,0.0,0.0,0.0
104,392,,JPN,JP,392,4,Country/Area,906,Japan,2,Medium,1965,1965.5,15-19,15,5,2.912,0.677,15.715
104,392,,JPN,JP,392,4,Country/Area,906,Japan,2,Medium,1965,1965.5,20-24,20,5,114.875,26.724,541.57
104,392,,JPN,JP,392,4,Country/Area,906,Japan,2,Medium,1965,1965.5,25-29,25,5,201.451,46.865,857.168
104,392,,JPN,JP,392,4,Country/Area,906,Japan,2,Medium,1965,1965.5,30-34,30,5,87.396,20.332,365.002
104,392,,JPN,JP,392,4,Country/Area,906,Japan,2,Medium,1965,1965.5,35-39,35,5,19.764,4.598,74.868
104,392,,JPN,JP,392,4,Country/Area,906,Japan,2,Medium,1965,1965.5,40-44,40,5,3.139,0.73,10.311
104,392,,JPN,JP,392,4,Country/Area,906,Japan,2,Medium,1965,1965.5,45-49,45,5,0.208,0.048,0.562
104,392,,JPN,JP,392,4,Country/Area,906,Japan,2,Medium,1965,1965.5,50-54,50,5,0.106,0.025,0.266
104,392,,JPN,JP,392,4,Country/Area,906,Japan,2,Medium,1966,1966.5,14-Oct,10,5,0.0,0.0,0.0
104,392,,JPN,JP,392,4,Country/Area,906,Japan,2,Medium,1966,1966.5,15-19,15,5,3.411,1.034,19.001
104,392,,JPN,JP,392,4,Country/Area,906,Japan,2,Medium,1966,1966.5,20-24,20,5,90.441,27.421,416.254
104,392,,JPN,JP,392,4,Country/Area,906,Japan,2,Medium,1966,1966.5,25-29,25,5,151.588,45.96,655.353
104,392,,JPN,JP,392,4,Country/Area,906,Japan,2,Medium,1966,1966.5,30-34,30,5,65.374,19.821,277.017
104,392,,JPN,JP,392,4,Country/Area,906,Japan,2,Medium,1966,1966.5,35-39,35,5,16.25,4.927,62.618
104,392,,JPN,JP,392,4,Country/Area,906,Japan,2,Medium,1966,1966.5,40-44,40,5,2.528,0.767,8.577
104,392,,JPN,JP,392,4,Country/Area,906,Japan,2,Medium,1966,1966.5,45-49,45,5,0.161,0.049,0.448
104,392,,JPN,JP,392,4,Country/Area,906,Japan,2,Medium,1966,1966.5,50-54,50,5,0.072,0.022,0.184
104,392,,JPN,JP,392,4,Country/Area,906,Japan,2,Medium,1967,1967.5,14-Oct,10,5,0.0,0.0,0.0
104,392,,JPN,JP,392,4,Country/Area,906,Japan,2,Medium,1967,1967.5,15-19,15,5,4.706,1.074,25.812
104,392,,JPN,JP,392,4,Country/Area,906,Japan,2,Medium,1967,1967.5,20-24,20,5,105.296,24.024,489.647
104,392,,JPN,JP,392,4,Country/Area,906,Japan,2,Medium,1967,1967.5,25-29,25,5,213.854,48.792,946.315
104,392,,JPN,JP,392,4,Country/Area,906,Japan,2,Medium,1967,1967.5,30-34,30,5,91.167,20.8,390.18
104,392,,JPN,JP,392,4,Country/Area,906,Japan,2,Medium,1967,1967.5,35-39,35,5,20.156,4.599,79.183
104,392,,JPN,JP,392,4,Country/Area,906,Japan,2,Medium,1967,1967.5,40-44,40,5,2.818,0.643,9.864
104,392,,JPN,JP,392,4,Country/Area,906,Japan,2,Medium,1967,1967.5,45-49,45,5,0.212,0.048,0.611
104,392,,JPN,JP,392,4,Country/Area,906,Japan,2,Medium,1967,1967.5,50-54,50,5,0.09,0.02,0.231
104,392,,JPN,JP,392,4,Country/Area,906,Japan,2,Medium,1968,1968.5,14-Oct,10,5,0.0,0.0,0.0
104,392,,JPN,JP,392,4,Country/Area,906,Japan,2,Medium,1968,1968.5,15-19,15,5,4.755,1.141,24.55
104,392,,JPN,JP,392,4,Country/Area,906,Japan,2,Medium,1968,1968.5,20-24,20,5,91.508,21.952,447.28
104,392,,JPN,JP,392,4,Country/Area,906,Japan,2,Medium,1968,1968.5,25-29,25,5,209.782,50.324,954.81
104,392,,JPN,JP,392,4,Country/Area,906,Japan,2,Medium,1968,1968.5,30-34,30,5,87.776,21.056,376.031
104,392,,JPN,JP,392,4,Country/Area,906,Japan,2,Medium,1968,1968.5,35-39,35,5,20.054,4.811,80.329
104,392,,JPN,JP,392,4,Country/Area,906,Japan,2,Medium,1968,1968.5,40-44,40,5,2.723,0.653,9.779
104,392,,JPN,JP,392,4,Country/Area,906,Japan,2,Medium,1968,1968.5,45-49,45,5,0.191,0.046,0.572
104,392,,JPN,JP,392,4,Country/Area,906,Japan,2,Medium,1968,1968.5,50-54,50,5,0.076,0.018,0.197
104,392,,JPN,JP,392,4,Country/Area,906,Japan,2,Medium,1969,1969.5,14-Oct,10,5,0.0,0.0,0.0
104,392,,JPN,JP,392,4,Country/Area,906,Japan,2,Medium,1969,1969.5,15-19,15,5,4.751,1.165,22.741
104,392,,JPN,JP,392,4,Country/Area,906,Japan,2,Medium,1969,1969.5,20-24,20,5,84.628,20.749,436.107
104,392,,JPN,JP,392,4,Country/Area,906,Japan,2,Medium,1969,1969.5,25-29,25,5,209.911,51.466,986.303
104,392,,JPN,JP,392,4,Country/Area,906,Japan,2,Medium,1969,1969.5,30-34,30,5,85.618,20.992,364.174
104,392,,JPN,JP,392,4,Country/Area,906,Japan,2,Medium,1969,1969.5,35-39,35,5,19.982,4.899,81.37
104,392,,JPN,JP,392,4,Country/Area,906,Japan,2,Medium,1969,1969.5,40-44,40,5,2.734,0.67,10.051
104,392,,JPN,JP,392,4,Country/Area,906,Japan,2,Medium,1969,1969.5,45-49,45,5,0.169,0.041,0.529
104,392,,JPN,JP,392,4,Country/Area,906,Japan,2,Medium,1969,1969.5,50-54,50,5,0.068,0.017,0.179
104,392,,JPN,JP,392,4,Country/Area,906,Japan,2,Medium,1970,1970.5,14-Oct,10,5,0.0,0.0,0.0
104,392,,JPN,JP,392,4,Country/Area,906,Japan,2,Medium,1970,1970.5,15-19,15,5,4.735,1.148,21.229
104,392,,JPN,JP,392,4,Country/Area,906,Japan,2,Medium,1970,1970.5,20-24,20,5,92.401,22.4,499.18
104,392,,JPN,JP,392,4,Country/Area,906,Japan,2,Medium,1970,1970.5,25-29,25,5,206.577,50.078,977.636
104,392,,JPN,JP,392,4,Country/Area,906,Japan,2,Medium,1970,1970.5,30-34,30,5,86.049,20.86,366.043
104,392,,JPN,JP,392,4,Country/Area,906,Japan,2,Medium,1970,1970.5,35-39,35,5,19.799,4.8,81.849
104,392,,JPN,JP,392,4,Country/Area,906,Japan,2,Medium,1970,1970.5,40-44,40,5,2.687,0.651,10.079
104,392,,JPN,JP,392,4,Country/Area,906,Japan,2,Medium,1970,1970.5,45-49,45,5,0.182,0.044,0.59
104,392,,JPN,JP,392,4,Country/Area,906,Japan,2,Medium,1970,1970.5,50-54,50,5,0.077,0.019,0.205
104,392,,JPN,JP,392,4,Country/Area,906,Japan,2,Medium,1971,1971.5,14-Oct,10,5,0.0,0.0,0.0
104,392,,JPN,JP,392,4,Country/Area,906,Japan,2,Medium,1971,1971.5,15-19,15,5,4.685,1.112,20.06
104,392,,JPN,JP,392,4,Country/Area,906,Japan,2,Medium,1971,1971.5,20-24,20,5,109.397,25.979,608.763
104,392,,JPN,JP,392,4,Country/Area,906,Japan,2,Medium,1971,1971.5,25-29,25,5,196.649,46.699,913.273
104,392,,JPN,JP,392,4,Country/Area,906,Japan,2,Medium,1971,1971.5,30-34,30,5,88.073,20.915,380.968
104,392,,JPN,JP,392,4,Country/Area,906,Japan,2,Medium,1971,1971.5,35-39,35,5,19.496,4.63,81.749
104,392,,JPN,JP,392,4,Country/Area,906,Japan,2,Medium,1971,1971.5,40-44,40,5,2.49,0.591,9.512
104,392,,JPN,JP,392,4,Country/Area,906,Japan,2,Medium,1971,1971.5,45-49,45,5,0.21,0.05,0.708
104,392,,JPN,JP,392,4,Country/Area,906,Japan,2,Medium,1971,1971.5,50-54,50,5,0.102,0.024,0.282
104,392,,JPN,JP,392,4,Country/Area,906,Japan,2,Medium,1972,1972.5,14-Oct,10,5,0.0,0.0,0.0
104,392,,JPN,JP,392,4,Country/Area,906,Japan,2,Medium,1972,1972.5,15-19,15,5,4.833,1.126,19.862
104,392,,JPN,JP,392,4,Country/Area,906,Japan,2,Medium,1972,1972.5,20-24,20,5,121.688,28.348,666.127
104,392,,JPN,JP,392,4,Country/Area,906,Japan,2,Medium,1972,1972.5,25-29,25,5,192.669,44.884,905.475
104,392,,JPN,JP,392,4,Country/Area,906,Japan,2,Medium,1972,1972.5,30-34,30,5,88.574,20.634,393.023
104,392,,JPN,JP,392,4,Country/Area,906,Japan,2,Medium,1972,1972.5,35-39,35,5,18.908,4.405,80.017
104,392,,JPN,JP,392,4,Country/Area,906,Japan,2,Medium,1972,1972.5,40-44,40,5,2.37,0.552,9.237
104,392,,JPN,JP,392,4,Country/Area,906,Japan,2,Medium,1972,1972.5,45-49,45,5,0.223,0.052,0.773
104,392,,JPN,JP,392,4,Country/Area,906,Japan,2,Medium,1972,1972.5,50-54,50,5,0.0,0.0,0.0
104,392,,JPN,JP,392,4,Country/Area,906,Japan,2,Medium,1973,1973.5,14-Oct,10,5,0.0,0.0,0.0
104,392,,JPN,JP,392,4,Country/Area,906,Japan,2,Medium,1973,1973.5,15-19,15,5,4.856,1.108,19.371
104,392,,JPN,JP,392,4,Country/Area,906,Japan,2,Medium,1973,1973.5,20-24,20,5,125.018,28.53,644.66
104,392,,JPN,JP,392,4,Country/Area,906,Japan,2,Medium,1973,1973.5,25-29,25,5,197.785,45.135,973.323
104,392,,JPN,JP,392,4,Country/Area,906,Japan,2,Medium,1973,1973.5,30-34,30,5,89.429,20.408,409.437
104,392,,JPN,JP,392,4,Country/Area,906,Japan,2,Medium,1973,1973.5,35-39,35,5,18.558,4.235,78.548
104,392,,JPN,JP,392,4,Country/Area,906,Japan,2,Medium,1973,1973.5,40-44,40,5,2.336,0.533,9.288
104,392,,JPN,JP,392,4,Country/Area,906,Japan,2,Medium,1973,1973.5,45-49,45,5,0.223,0.051,0.793
104,392,,JPN,JP,392,4,Country/Area,906,Japan,2,Medium,1973,1973.5,50-54,50,5,0.0,0.0,0.0
104,392,,JPN,JP,392,4,Country/Area,906,Japan,2,Medium,1974,1974.5,14-Oct,10,5,0.0,0.0,0.0
104,392,,JPN,JP,392,4,Country/Area,906,Japan,2,Medium,1974,1974.5,15-19,15,5,4.579,1.084,17.998
104,392,,JPN,JP,392,4,Country/Area,906,Japan,2,Medium,1974,1974.5,20-24,20,5,119.757,28.349,573.349
104,392,,JPN,JP,392,4,Country/Area,906,Japan,2,Medium,1974,1974.5,25-29,25,5,197.268,46.698,1015.776
104,392,,JPN,JP,392,4,Country/Area,906,Japan,2,Medium,1974,1974.5,30-34,30,5,81.981,19.407,388.847
104,392,,JPN,JP,392,4,Country/Area,906,Japan,2,Medium,1974,1974.5,35-39,35,5,16.449,3.894,69.058
104,392,,JPN,JP,392,4,Country/Area,906,Japan,2,Medium,1974,1974.5,40-44,40,5,2.197,0.52,8.884
104,392,,JPN,JP,392,4,Country/Area,906,Japan,2,Medium,1974,1974.5,45-49,45,5,0.202,0.048,0.741
104,392,,JPN,JP,392,4,Country/Area,906,Japan,2,Medium,1974,1974.5,50-54,50,5,0.0,0.0,0.0
104,392,,JPN,JP,392,4,Country/Area,906,Japan,2,Medium,1975,1975.5,14-Oct,10,5,0.0,0.0,0.0
104,392,,JPN,JP,392,4,Country/Area,906,Japan,2,Medium,1975,1975.5,15-19,15,5,4.073,1.031,15.836
104,392,,JPN,JP,392,4,Country/Area,906,Japan,2,Medium,1975,1975.5,20-24,20,5,110.521,27.97,496.445
104,392,,JPN,JP,392,4,Country/Area,906,Japan,2,Medium,1975,1975.5,25-29,25,5,193.455,48.958,1036.442
104,392,,JPN,JP,392,4,Country/Area,906,Japan,2,Medium,1975,1975.5,30-34,30,5,70.119,17.745,335.765
104,392,,JPN,JP,392,4,Country/Area,906,Japan,2,Medium,1975,1975.5,35-39,35,5,14.666,3.711,61.454
104,392,,JPN,JP,392,4,Country/Area,906,Japan,2,Medium,1975,1975.5,40-44,40,5,2.157,0.546,8.859
104,392,,JPN,JP,392,4,Country/Area,906,Japan,2,Medium,1975,1975.5,45-49,45,5,0.155,0.039,0.579
104,392,,JPN,JP,392,4,Country/Area,906,Japan,2,Medium,1975,1975.5,50-54,50,5,0.0,0.0,0.0
104,392,,JPN,JP,392,4,Country/Area,906,Japan,2,Medium,1976,1976.5,14-Oct,10,5,0.0,0.0,0.0
104,392,,JPN,JP,392,4,Country/Area,906,Japan,2,Medium,1976,1976.5,15-19,15,5,3.581,0.955,13.835
104,392,,JPN,JP,392,4,Country/Area,906,Japan,2,Medium,1976,1976.5,20-24,20,5,101.766,27.148,437.22
104,392,,JPN,JP,392,4,Country/Area,906,Japan,2,Medium,1976,1976.5,25-29,25,5,189.979,50.679,1046.321
104,392,,JPN,JP,392,4,Country/Area,906,Japan,2,Medium,1976,1976.5,30-34,30,5,63.083,16.828,295.972
104,392,,JPN,JP,392,4,Country/Area,906,Japan,2,Medium,1976,1976.5,35-39,35,5,14.146,3.774,60.104
104,392,,JPN,JP,392,4,Country/Area,906,Japan,2,Medium,1976,1976.5,40-44,40,5,2.136,0.57,8.9
104,392,,JPN,JP,392,4,Country/Area,906,Japan,2,Medium,1976,1976.5,45-49,45,5,0.172,0.046,0.654
104,392,,JPN,JP,392,4,Country/Area,906,Japan,2,Medium,1976,1976.5,50-54,50,5,0.0,0.0,0.0
104,392,,JPN,JP,392,4,Country/Area,906,Japan,2,Medium,1977,1977.5,14-Oct,10,5,0.0,0.0,0.0
104,392,,JPN,JP,392,4,Country/Area,906,Japan,2,Medium,1977,1977.5,15-19,15,5,3.336,0.918,12.944
104,392,,JPN,JP,392,4,Country/Area,906,Japan,2,Medium,1977,1977.5,20-24,20,5,93.389,25.695,385.396
104,392,,JPN,JP,392,4,Country/Area,906,Japan,2,Medium,1977,1977.5,25-29,25,5,184.136,50.663,998.978
104,392,,JPN,JP,392,4,Country/Area,906,Japan,2,Medium,1977,1977.5,30-34,30,5,66.216,18.219,313.881
104,392,,JPN,JP,392,4,Country/Area,906,Japan,2,Medium,1977,1977.5,35-39,35,5,14.227,3.914,61.857
104,392,,JPN,JP,392,4,Country/Area,906,Japan,2,Medium,1977,1977.5,40-44,40,5,1.977,0.544,8.318
104,392,,JPN,JP,392,4,Country/Area,906,Japan,2,Medium,1977,1977.5,45-49,45,5,0.168,0.046,0.649
104,392,,JPN,JP,392,4,Country/Area,906,Japan,2,Medium,1977,1977.5,50-54,50,5,0.0,0.0,0.0
104,392,,JPN,JP,392,4,Country/Area,906,Japan,2,Medium,1978,1978.5,14-Oct,10,5,0.0,0.0,0.0
104,392,,JPN,JP,392,4,Country/Area,906,Japan,2,Medium,1978,1978.5,15-19,15,5,3.367,0.932,13.181
104,392,,JPN,JP,392,4,Country/Area,906,Japan,2,Medium,1978,1978.5,20-24,20,5,86.905,24.045,348.343
104,392,,JPN,JP,392,4,Country/Area,906,Japan,2,Medium,1978,1978.5,25-29,25,5,182.082,50.38,930.37
104,392,,JPN,JP,392,4,Country/Area,906,Japan,2,Medium,1978,1978.5,30-34,30,5,73.123,20.232,363.196
104,392,,JPN,JP,392,4,Country/Area,906,Japan,2,Medium,1978,1978.5,35-39,35,5,14.043,3.885,62.845
104,392,,JPN,JP,392,4,Country/Area,906,Japan,2,Medium,1978,1978.5,40-44,40,5,1.771,0.49,7.453
104,392,,JPN,JP,392,4,Country/Area,906,Japan,2,Medium,1978,1978.5,45-49,45,5,0.129,0.036,0.51
104,392,,JPN,JP,392,4,Country/Area,906,Japan,2,Medium,1978,1978.5,50-54,50,5,0.0,0.0,0.0
104,392,,JPN,JP,392,4,Country/Area,906,Japan,2,Medium,1979,1979.5,14-Oct,10,5,0.0,0.0,0.0
104,392,,JPN,JP,392,4,Country/Area,906,Japan,2,Medium,1979,1979.5,15-19,15,5,3.321,0.934,13.149
104,392,,JPN,JP,392,4,Country/Area,906,Japan,2,Medium,1979,1979.5,20-24,20,5,81.572,22.949,322.235
104,392,,JPN,JP,392,4,Country/Area,906,Japan,2,Medium,1979,1979.5,25-29,25,5,178.268,50.153,845.127
104,392,,JPN,JP,392,4,Country/Area,906,Japan,2,Medium,1979,1979.5,30-34,30,5,77.04,21.674,400.993
104,392,,JPN,JP,392,4,Country/Area,906,Japan,2,Medium,1979,1979.5,35-39,35,5,13.57,3.818,62.697
104,392,,JPN,JP,392,4,Country/Area,906,Japan,2,Medium,1979,1979.5,40-44,40,5,1.538,0.433,6.425
104,392,,JPN,JP,392,4,Country/Area,906,Japan,2,Medium,1979,1979.5,45-49,45,5,0.142,0.04,0.57
104,392,,JPN,JP,392,4,Country/Area,906,Japan,2,Medium,1979,1979.5,50-54,50,5,0.0,0.0,0.0
104,392,,JPN,JP,392,4,Country/Area,906,Japan,2,Medium,1980,1980.5,14-Oct,10,5,0.0,0.0,0.0
104,392,,JPN,JP,392,4,Country/Area,906,Japan,2,Medium,1980,1980.5,15-19,15,5,3.438,0.98,13.898
104,392,,JPN,JP,392,4,Country/Area,906,Japan,2,Medium,1980,1980.5,20-24,20,5,77.938,22.227,304.574
104,392,,JPN,JP,392,4,Country/Area,906,Japan,2,Medium,1980,1980.5,25-29,25,5,178.11,50.795,791.653
104,392,,JPN,JP,392,4,Country/Area,906,Japan,2,Medium,1980,1980.5,30-34,30,5,76.823,21.909,416.872
104,392,,JPN,JP,392,4,Country/Area,906,Japan,2,Medium,1980,1980.5,35-39,35,5,12.702,3.622,58.94
104,392,,JPN,JP,392,4,Country/Area,906,Japan,2,Medium,1980,1980.5,40-44,40,5,1.48,0.422,6.182
104,392,,JPN,JP,392,4,Country/Area,906,Japan,2,Medium,1980,1980.5,45-49,45,5,0.155,0.044,0.631
104,392,,JPN,JP,392,4,Country/Area,906,Japan,2,Medium,1980,1980.5,50-54,50,5,0.0,0.0,0.0
104,392,,JPN,JP,392,4,Country/Area,906,Japan,2,Medium,1981,1981.5,14-Oct,10,5,0.0,0.0,0.0
104,392,,JPN,JP,392,4,Country/Area,906,Japan,2,Medium,1981,1981.5,15-19,15,5,3.643,1.077,14.742
104,392,,JPN,JP,392,4,Country/Area,906,Japan,2,Medium,1981,1981.5,20-24,20,5,72.951,21.572,283.212
104,392,,JPN,JP,392,4,Country/Area,906,Japan,2,Medium,1981,1981.5,25-29,25,5,174.278,51.534,740.253
104,392,,JPN,JP,392,4,Country/Area,906,Japan,2,Medium,1981,1981.5,30-34,30,5,73.5,21.734,409.338
104,392,,JPN,JP,392,4,Country/Area,906,Japan,2,Medium,1981,1981.5,35-39,35,5,12.176,3.6,55.179
104,392,,JPN,JP,392,4,Country/Area,906,Japan,2,Medium,1981,1981.5,40-44,40,5,1.484,0.439,6.295
104,392,,JPN,JP,392,4,Country/Area,906,Japan,2,Medium,1981,1981.5,45-49,45,5,0.149,0.044,0.618
104,392,,JPN,JP,392,4,Country/Area,906,Japan,2,Medium,1981,1981.5,50-54,50,5,0.0,0.0,0.0
104,392,,JPN,JP,392,4,Country/Area,906,Japan,2,Medium,1982,1982.5,14-Oct,10,5,0.022,0.006,0.099
104,392,,JPN,JP,392,4,Country/Area,906,Japan,2,Medium,1982,1982.5,15-19,15,5,3.937,1.156,16.015
104,392,,JPN,JP,392,4,Country/Area,906,Japan,2,Medium,1982,1982.5,20-24,20,5,71.507,20.987,278.719
104,392,,JPN,JP,392,4,Country/Area,906,Japan,2,Medium,1982,1982.5,25-29,25,5,176.19,51.712,718.365
104,392,,JPN,JP,392,4,Country/Area,906,Japan,2,Medium,1982,1982.5,30-34,30,5,73.383,21.538,401.026
104,392,,JPN,JP,392,4,Country/Area,906,Japan,2,Medium,1982,1982.5,35-39,35,5,13.891,4.077,63.509
104,392,,JPN,JP,392,4,Country/Area,906,Japan,2,Medium,1982,1982.5,40-44,40,5,1.641,0.482,7.129
104,392,,JPN,JP,392,4,Country/Area,906,Japan,2,Medium,1982,1982.5,45-49,45,5,0.142,0.042,0.594
104,392,,JPN,JP,392,4,Country/Area,906,Japan,2,Medium,1982,1982.5,50-54,50,5,0.0,0.0,0.0
104,392,,JPN,JP,392,4,Country/Area,906,Japan,2,Medium,1983,1983.5,14-Oct,10,5,0.042,0.012,0.196
104,392,,JPN,JP,392,4,Country/Area,906,Japan,2,Medium,1983,1983.5,15-19,15,5,4.148,1.196,17.328
104,392,,JPN,JP,392,4,Country/Area,906,Japan,2,Medium,1983,1983.5,20-24,20,5,70.102,20.214,275.628
104,392,,JPN,JP,392,4,Country/Area,906,Japan,2,Medium,1983,1983.5,25-29,25,5,178.142,51.367,705.621
104,392,,JPN,JP,392,4,Country/Area,906,Japan,2,Medium,1983,1983.5,30-34,30,5,76.023,21.921,390.255
104,392,,JPN,JP,392,4,Country/Area,906,Japan,2,Medium,1983,1983.5,35-39,35,5,16.49,4.755,79.086
104,392,,JPN,JP,392,4,Country/Area,906,Japan,2,Medium,1983,1983.5,40-44,40,5,1.725,0.497,7.712
104,392,,JPN,JP,392,4,Country/Area,906,Japan,2,Medium,1983,1983.5,45-49,45,5,0.132,0.038,0.552
104,392,,JPN,JP,392,4,Country/Area,906,Japan,2,Medium,1983,1983.5,50-54,50,5,0.0,0.0,0.0
104,392,,JPN,JP,392,4,Country/Area,906,Japan,2,Medium,1984,1984.5,14-Oct,10,5,0.075,0.022,0.36
104,392,,JPN,JP,392,4,Country/Area,906,Japan,2,Medium,1984,1984.5,15-19,15,5,4.171,1.195,17.726
104,392,,JPN,JP,392,4,Country/Area,906,Japan,2,Medium,1984,1984.5,20-24,20,5,66.509,19.049,264.548
104,392,,JPN,JP,392,4,Country/Area,906,Japan,2,Medium,1984,1984.5,25-29,25,5,179.136,51.306,699.576
104,392,,JPN,JP,392,4,Country/Area,906,Japan,2,Medium,1984,1984.5,30-34,30,5,78.958,22.614,375.108
104,392,,JPN,JP,392,4,Country/Area,906,Japan,2,Medium,1984,1984.5,35-39,35,5,18.423,5.276,93.134
104,392,,JPN,JP,392,4,Country/Area,906,Japan,2,Medium,1984,1984.5,40-44,40,5,1.756,0.503,8.084
104,392,,JPN,JP,392,4,Country/Area,906,Japan,2,Medium,1984,1984.5,45-49,45,5,0.121,0.035,0.502
104,392,,JPN,JP,392,4,Country/Area,906,Japan,2,Medium,1984,1984.5,50-54,50,5,0.0,0.0,0.0
104,392,,JPN,JP,392,4,Country/Area,906,Japan,2,Medium,1985,1985.5,14-Oct,10,5,0.087,0.025,0.418
104,392,,JPN,JP,392,4,Country/Area,906,Japan,2,Medium,1985,1985.5,15-19,15,5,3.771,1.093,16.24
104,392,,JPN,JP,392,4,Country/Area,906,Japan,2,Medium,1985,1985.5,20-24,20,5,61.782,17.908,250.824
104,392,,JPN,JP,392,4,Country/Area,906,Japan,2,Medium,1985,1985.5,25-29,25,5,176.414,51.136,681.52
104,392,,JPN,JP,392,4,Country/Area,906,Japan,2,Medium,1985,1985.5,30-34,30,5,82.64,23.954,367.26
104,392,,JPN,JP,392,4,Country/Area,906,Japan,2,Medium,1985,1985.5,35-39,35,5,18.563,5.381,98.579
104,392,,JPN,JP,392,4,Country/Area,906,Japan,2,Medium,1985,1985.5,40-44,40,5,1.581,0.458,7.284
104,392,,JPN,JP,392,4,Country/Area,906,Japan,2,Medium,1985,1985.5,45-49,45,5,0.151,0.044,0.627
104,392,,JPN,JP,392,4,Country/Area,906,Japan,2,Medium,1985,1985.5,50-54,50,5,0.0,0.0,0.0
104,392,,JPN,JP,392,4,Country/Area,906,Japan,2,Medium,1986,1986.5,14-Oct,10,5,0.068,0.02,0.324
104,392,,JPN,JP,392,4,Country/Area,906,Japan,2,Medium,1986,1986.5,15-19,15,5,3.618,1.084,16.17
104,392,,JPN,JP,392,4,Country/Area,906,Japan,2,Medium,1986,1986.5,20-24,20,5,58.763,17.613,238.771
104,392,,JPN,JP,392,4,Country/Area,906,Japan,2,Medium,1986,1986.5,25-29,25,5,168.062,50.373,644.604
104,392,,JPN,JP,392,4,Country/Area,906,Japan,2,Medium,1986,1986.5,30-34,30,5,83.928,25.156,355.789
104,392,,JPN,JP,392,4,Country/Area,906,Japan,2,Medium,1986,1986.5,35-39,35,5,17.629,5.284,96.657
104,392,,JPN,JP,392,4,Country/Area,906,Japan,2,Medium,1986,1986.5,40-44,40,5,1.416,0.424,6.349
104,392,,JPN,JP,392,4,Country/Area,906,Japan,2,Medium,1986,1986.5,45-49,45,5,0.151,0.045,0.636
104,392,,JPN,JP,392,4,Country/Area,906,Japan,2,Medium,1986,1986.5,50-54,50,5,0.0,0.0,0.0
104,392,,JPN,JP,392,4,Country/Area,906,Japan,2,Medium,1987,1987.5,14-Oct,10,5,0.071,0.021,0.331
104,392,,JPN,JP,392,4,Country/Area,906,Japan,2,Medium,1987,1987.5,15-19,15,5,3.671,1.095,17.01
104,392,,JPN,JP,392,4,Country/Area,906,Japan,2,Medium,1987,1987.5,20-24,20,5,56.84,16.959,232.291
104,392,,JPN,JP,392,4,Country/Area,906,Japan,2,Medium,1987,1987.5,25-29,25,5,166.941,49.81,642.55
104,392,,JPN,JP,392,4,Country/Area,906,Japan,2,Medium,1987,1987.5,30-34,30,5,88.152,26.302,358.469
104,392,,JPN,JP,392,4,Country/Area,906,Japan,2,Medium,1987,1987.5,35-39,35,5,17.694,5.279,95.469
104,392,,JPN,JP,392,4,Country/Area,906,Japan,2,Medium,1987,1987.5,40-44,40,5,1.61,0.48,7.279
104,392,,JPN,JP,392,4,Country/Area,906,Japan,2,Medium,1987,1987.5,45-49,45,5,0.177,0.053,0.765
104,392,,JPN,JP,392,4,Country/Area,906,Japan,2,Medium,1987,1987.5,50-54,50,5,0.0,0.0,0.0
104,392,,JPN,JP,392,4,Country/Area,906,Japan,2,Medium,1988,1988.5,14-Oct,10,5,0.056,0.017,0.251
104,392,,JPN,JP,392,4,Country/Area,906,Japan,2,Medium,1988,1988.5,15-19,15,5,3.491,1.062,16.471
104,392,,JPN,JP,392,4,Country/Area,906,Japan,2,Medium,1988,1988.5,20-24,20,5,52.999,16.117,222.6
104,392,,JPN,JP,392,4,Country/Area,906,Japan,2,Medium,1988,1988.5,25-29,25,5,160.713,48.873,623.827
104,392,,JPN,JP,392,4,Country/Area,906,Japan,2,Medium,1988,1988.5,30-34,30,5,91.103,27.705,359.98
104,392,,JPN,JP,392,4,Country/Area,906,Japan,2,Medium,1988,1988.5,35-39,35,5,18.3,5.565,92.835
104,392,,JPN,JP,392,4,Country/Area,906,Japan,2,Medium,1988,1988.5,40-44,40,5,1.962,0.597,9.325
104,392,,JPN,JP,392,4,Country/Area,906,Japan,2,Medium,1988,1988.5,45-49,45,5,0.215,0.065,0.954
104,392,,JPN,JP,392,4,Country/Area,906,Japan,2,Medium,1988,1988.5,50-54,50,5,0.0,0.0,0.0
104,392,,JPN,JP,392,4,Country/Area,906,Japan,2,Medium,1989,1989.5,14-Oct,10,5,0.015,0.005,0.064
104,392,,JPN,JP,392,4,Country/Area,906,Japan,2,Medium,1989,1989.5,15-19,15,5,3.394,1.088,16.338
104,392,,JPN,JP,392,4,Country/Area,906,Japan,2,Medium,1989,1989.5,20-24,20,5,48.445,15.534,207.058
104,392,,JPN,JP,392,4,Country/Area,906,Japan,2,Medium,1989,1989.5,25-29,25,5,147.294,47.231,578.578
104,392,,JPN,JP,392,4,Country/Area,906,Japan,2,Medium,1989,1989.5,30-34,30,5,91.387,29.304,356.095
104,392,,JPN,JP,392,4,Country/Area,906,Japan,2,Medium,1989,1989.5,35-39,35,5,19.014,6.097,89.282
104,392,,JPN,JP,392,4,Country/Area,906,Japan,2,Medium,1989,1989.5,40-44,40,5,2.07,0.664,10.398
104,392,,JPN,JP,392,4,Country/Area,906,Japan,2,Medium,1989,1989.5,45-49,45,5,0.242,0.078,1.108
104,392,,JPN,JP,392,4,Country/Area,906,Japan,2,Medium,1989,1989.5,50-54,50,5,0.0,0.0,0.0
104,392,,JPN,JP,392,4,Country/Area,906,Japan,2,Medium,1990,1990.5,14-Oct,10,5,0.013,0.004,0.054
104,392,,JPN,JP,392,4,Country/Area,906,Japan,2,Medium,1990,1990.5,15-19,15,5,3.484,1.153,16.912
104,392,,JPN,JP,392,4,Country/Area,906,Japan,2,Medium,1990,1990.5,20-24,20,5,43.979,14.548,190.631
104,392,,JPN,JP,392,4,Country/Area,906,Japan,2,Medium,1990,1990.5,25-29,25,5,139.892,46.276,560.978
104,392,,JPN,JP,392,4,Country/Area,906,Japan,2,Medium,1990,1990.5,30-34,30,5,92.459,30.585,356.258
104,392,,JPN,JP,392,4,Country/Area,906,Japan,2,Medium,1990,1990.5,35-39,35,5,20.229,6.692,88.895
104,392,,JPN,JP,392,4,Country/Area,906,Japan,2,Medium,1990,1990.5,40-44,40,5,2.006,0.663,10.612
104,392,,JPN,JP,392,4,Country/Area,906,Japan,2,Medium,1990,1990.5,45-49,45,5,0.236,0.078,1.076
104,392,,JPN,JP,392,4,Country/Area,906,Japan,2,Medium,1990,1990.5,50-54,50,5,0.0,0.0,0.0
104,392,,JPN,JP,392,4,Country/Area,906,Japan,2,Medium,1991,1991.5,14-Oct,10,5,0.0,0.0,0.0
104,392,,JPN,JP,392,4,Country/Area,906,Japan,2,Medium,1991,1991.5,15-19,15,5,3.779,1.242,18.209
104,392,,JPN,JP,392,4,Country/Area,906,Japan,2,Medium,1991,1991.5,20-24,20,5,45.079,14.818,202.849
104,392,,JPN,JP,392,4,Country/Area,906,Japan,2,Medium,1991,1991.5,25-29,25,5,137.764,45.285,553.056
104,392,,JPN,JP,392,4,Country/Area,906,Japan,2,Medium,1991,1991.5,30-34,30,5,94.243,30.979,360.495
104,392,,JPN,JP,392,4,Country/Area,906,Japan,2,Medium,1991,1991.5,35-39,35,5,21.285,6.997,89.3
104,392,,JPN,JP,392,4,Country/Area,906,Japan,2,Medium,1991,1991.5,40-44,40,5,1.831,0.602,10.022
104,392,,JPN,JP,392,4,Country/Area,906,Japan,2,Medium,1991,1991.5,45-49,45,5,0.235,0.077,1.042
104,392,,JPN,JP,392,4,Country/Area,906,Japan,2,Medium,1991,1991.5,50-54,50,5,0.0,0.0,0.0
104,392,,JPN,JP,392,4,Country/Area,906,Japan,2,Medium,1992,1992.5,14-Oct,10,5,0.134,0.045,0.513
104,392,,JPN,JP,392,4,Country/Area,906,Japan,2,Medium,1992,1992.5,15-19,15,5,3.989,1.333,18.8
104,392,,JPN,JP,392,4,Country/Area,906,Japan,2,Medium,1992,1992.5,20-24,20,5,44.553,14.887,207.686
104,392,,JPN,JP,392,4,Country/Area,906,Japan,2,Medium,1992,1992.5,25-29,25,5,131.939,44.086,533.378
104,392,,JPN,JP,392,4,Country/Area,906,Japan,2,Medium,1992,1992.5,30-34,30,5,94.283,31.504,362.054
104,392,,JPN,JP,392,4,Country/Area,906,Japan,2,Medium,1992,1992.5,35-39,35,5,22.346,7.467,90.025
104,392,,JPN,JP,392,4,Country/Area,906,Japan,2,Medium,1992,1992.5,40-44,40,5,1.772,0.592,9.549
104,392,,JPN,JP,392,4,Country/Area,906,Japan,2,Medium,1992,1992.5,45-49,45,5,0.26,0.087,1.164
104,392,,JPN,JP,392,4,Country/Area,906,Japan,2,Medium,1992,1992.5,50-54,50,5,0.0,0.0,0.0
104,392,,JPN,JP,392,4,Country/Area,906,Japan,2,Medium,1993,1993.5,14-Oct,10,5,0.0,0.0,0.0
104,392,,JPN,JP,392,4,Country/Area,906,Japan,2,Medium,1993,1993.5,15-19,15,5,4.036,1.384,18.351
104,392,,JPN,JP,392,4,Country/Area,906,Japan,2,Medium,1993,1993.5,20-24,20,5,42.053,14.417,199.525
104,392,,JPN,JP,392,4,Country/Area,906,Japan,2,Medium,1993,1993.5,25-29,25,5,125.847,43.145,523.402
104,392,,JPN,JP,392,4,Country/Area,906,Japan,2,Medium,1993,1993.5,30-34,30,5,94.273,32.32,365.252
104,392,,JPN,JP,392,4,Country/Area,906,Japan,2,Medium,1993,1993.5,35-39,35,5,23.379,8.015,91.63
104,392,,JPN,JP,392,4,Country/Area,906,Japan,2,Medium,1993,1993.5,40-44,40,5,1.824,0.625,9.24
104,392,,JPN,JP,392,4,Country/Area,906,Japan,2,Medium,1993,1993.5,45-49,45,5,0.275,0.094,1.293
104,392,,JPN,JP,392,4,Country/Area,906,Japan,2,Medium,1993,1993.5,50-54,50,5,0.0,0.0,0.0
104,392,,JPN,JP,392,4,Country/Area,906,Japan,2,Medium,1994,1994.5,14-Oct,10,5,0.0,0.0,0.0
104,392,,JPN,JP,392,4,Country/Area,906,Japan,2,Medium,1994,1994.5,15-19,15,5,4.087,1.373,17.781
104,392,,JPN,JP,392,4,Country/Area,906,Japan,2,Medium,1994,1994.5,20-24,20,5,42.259,14.193,204.503
104,392,,JPN,JP,392,4,Country/Area,906,Japan,2,Medium,1994,1994.5,25-29,25,5,124.97,41.971,529.254
104,392,,JPN,JP,392,4,Country/Area,906,Japan,2,Medium,1994,1994.5,30-34,30,5,98.309,33.017,385.635
104,392,,JPN,JP,392,4,Country/Area,906,Japan,2,Medium,1994,1994.5,35-39,35,5,25.834,8.676,99.94
104,392,,JPN,JP,392,4,Country/Area,906,Japan,2,Medium,1994,1994.5,40-44,40,5,2.028,0.681,9.505
104,392,,JPN,JP,392,4,Country/Area,906,Japan,2,Medium,1994,1994.5,45-49,45,5,0.263,0.088,1.314
104,392,,JPN,JP,392,4,Country/Area,906,Japan,2,Medium,1994,1994.5,50-54,50,5,0.0,0.0,0.0
104,392,,JPN,JP,392,4,Country/Area,906,Japan,2,Medium,1995,1995.5,14-Oct,10,5,0.0,0.0,0.0
104,392,,JPN,JP,392,4,Country/Area,906,Japan,2,Medium,1995,1995.5,15-19,15,5,3.981,1.397,16.587
104,392,,JPN,JP,392,4,Country/Area,906,Japan,2,Medium,1995,1995.5,20-24,20,5,40.622,14.255,198.123
104,392,,JPN,JP,392,4,Country/Area,906,Japan,2,Medium,1995,1995.5,25-29,25,5,115.291,40.457,495.32
104,392,,JPN,JP,392,4,Country/Area,906,Japan,2,Medium,1995,1995.5,30-34,30,5,96.083,33.716,384.82
104,392,,JPN,JP,392,4,Country/Area,906,Japan,2,Medium,1995,1995.5,35-39,35,5,26.552,9.317,101.632
104,392,,JPN,JP,392,4,Country/Area,906,Japan,2,Medium,1995,1995.5,40-44,40,5,2.209,0.775,9.691
104,392,,JPN,JP,392,4,Country/Area,906,Japan,2,Medium,1995,1995.5,45-49,45,5,0.235,0.082,1.234
104,392,,JPN,JP,392,4,Country/Area,906,Japan,2,Medium,1995,1995.5,50-54,50,5,0.0,0.0,0.0
104,392,,JPN,JP,392,4,Country/Area,906,Japan,2,Medium,1996,1996.5,14-Oct,10,5,0.0,0.0,0.0
104,392,,JPN,JP,392,4,Country/Area,906,Japan,2,Medium,1996,1996.5,15-19,15,5,4.045,1.417,16.176
104,392,,JPN,JP,392,4,Country/Area,906,Japan,2,Medium,1996,1996.5,20-24,20,5,40.685,14.251,196.903
104,392,,JPN,JP,392,4,Country/Area,906,Japan,2,Medium,1996,1996.5,25-29,25,5,113.896,39.894,507.972
104,392,,JPN,JP,392,4,Country/Area,906,Japan,2,Medium,1996,1996.5,30-34,30,5,96.226,33.705,385.862
104,392,,JPN,JP,392,4,Country/Area,906,Japan,2,Medium,1996,1996.5,35-39,35,5,28.007,9.81,106.486
104,392,,JPN,JP,392,4,Country/Area,906,Japan,2,Medium,1996,1996.5,40-44,40,5,2.441,0.855,10.225
104,392,,JPN,JP,392,4,Country/Area,906,Japan,2,Medium,1996,1996.5,45-49,45,5,0.195,0.068,1.063
104,392,,JPN,JP,392,4,Country/Area,906,Japan,2,Medium,1996,1996.5,50-54,50,5,0.0,0.0,0.0
104,392,,JPN,JP,392,4,Country/Area,906,Japan,2,Medium,1997,1997.5,14-Oct,10,5,0.0,0.0,0.0
104,392,,JPN,JP,392,4,Country/Area,906,Japan,2,Medium,1997,1997.5,15-19,15,5,4.335,1.555,16.69
104,392,,JPN,JP,392,4,Country/Area,906,Japan,2,Medium,1997,1997.5,20-24,20,5,40.498,14.523,191.647
104,392,,JPN,JP,392,4,Country/Area,906,Japan,2,Medium,1997,1997.5,25-29,25,5,108.57,38.934,501.505
104,392,,JPN,JP,392,4,Country/Area,906,Japan,2,Medium,1997,1997.5,30-34,30,5,93.854,33.657,379.083
104,392,,JPN,JP,392,4,Country/Area,906,Japan,2,Medium,1997,1997.5,35-39,35,5,28.771,10.317,109.866
104,392,,JPN,JP,392,4,Country/Area,906,Japan,2,Medium,1997,1997.5,40-44,40,5,2.665,0.956,10.723
104,392,,JPN,JP,392,4,Country/Area,906,Japan,2,Medium,1997,1997.5,45-49,45,5,0.163,0.059,0.873
104,392,,JPN,JP,392,4,Country/Area,906,Japan,2,Medium,1997,1997.5,50-54,50,5,0.0,0.0,0.0
104,392,,JPN,JP,392,4,Country/Area,906,Japan,2,Medium,1998,1998.5,14-Oct,10,5,0.0,0.0,0.0
104,392,,JPN,JP,392,4,Country/Area,906,Japan,2,Medium,1998,1998.5,15-19,15,5,4.611,1.667,17.179
104,392,,JPN,JP,392,4,Country/Area,906,Japan,2,Medium,1998,1998.5,20-24,20,5,40.649,14.692,185.501
104,392,,JPN,JP,392,4,Country/Area,906,Japan,2,Medium,1998,1998.5,25-29,25,5,103.722,37.488,487.355
104,392,,JPN,JP,392,4,Country/Area,906,Japan,2,Medium,1998,1998.5,30-34,30,5,94.886,34.294,394.473
104,392,,JPN,JP,392,4,Country/Area,906,Japan,2,Medium,1998,1998.5,35-39,35,5,29.792,10.768,114.786
104,392,,JPN,JP,392,4,Country/Area,906,Japan,2,Medium,1998,1998.5,40-44,40,5,2.849,1.03,11.161
104,392,,JPN,JP,392,4,Country/Area,906,Japan,2,Medium,1998,1998.5,45-49,45,5,0.172,0.062,0.867
104,392,,JPN,JP,392,4,Country/Area,906,Japan,2,Medium,1998,1998.5,50-54,50,5,0.0,0.0,0.0
104,392,,JPN,JP,392,4,Country/Area,906,Japan,2,Medium,1999,1999.5,14-Oct,10,5,0.0,0.0,0.0
104,392,,JPN,JP,392,4,Country/Area,906,Japan,2,Medium,1999,1999.5,15-19,15,5,4.881,1.804,17.699
104,392,,JPN,JP,392,4,Country/Area,906,Japan,2,Medium,1999,1999.5,20-24,20,5,39.938,14.759,174.353
104,392,,JPN,JP,392,4,Country/Area,906,Japan,2,Medium,1999,1999.5,25-29,25,5,98.707,36.477,472.824
104,392,,JPN,JP,392,4,Country/Area,906,Japan,2,Medium,1999,1999.5,30-34,30,5,93.076,34.396,394.043
104,392,,JPN,JP,392,4,Country/Area,906,Japan,2,Medium,1999,1999.5,35-39,35,5,30.733,11.357,119.883
104,392,,JPN,JP,392,4,Country/Area,906,Japan,2,Medium,1999,1999.5,40-44,40,5,3.111,1.15,12.036
104,392,,JPN,JP,392,4,Country/Area,906,Japan,2,Medium,1999,1999.5,45-49,45,5,0.158,0.058,0.734
104,392,,JPN,JP,392,4,Country/Area,906,Japan,2,Medium,1999,1999.5,50-54,50,5,0.0,0.0,0.0
104,392,,JPN,JP,392,4,Country/Area,906,Japan,2,Medium,2000,2000.5,14-Oct,10,5,0.0,0.0,0.0
104,392,,JPN,JP,392,4,Country/Area,906,Japan,2,Medium,2000,2000.5,15-19,15,5,5.426,1.966,19.231
104,392,,JPN,JP,392,4,Country/Area,906,Japan,2,Medium,2000,2000.5,20-24,20,5,40.743,14.763,170.337
104,392,,JPN,JP,392,4,Country/Area,906,Japan,2,Medium,2000,2000.5,25-29,25,5,99.169,35.932,478.785
104,392,,JPN,JP,392,4,Country/Area,906,Japan,2,Medium,2000,2000.5,30-34,30,5,94.143,34.111,404.317
104,392,,JPN,JP,392,4,Country/Area,906,Japan,2,Medium,2000,2000.5,35-39,35,5,32.815,11.89,130.69
104,392,,JPN,JP,392,4,Country/Area,906,Japan,2,Medium,2000,2000.5,40-44,40,5,3.559,1.29,13.626
104,392,,JPN,JP,392,4,Country/Area,906,Japan,2,Medium,2000,2000.5,45-49,45,5,0.136,0.049,0.591
104,392,,JPN,JP,392,4,Country/Area,906,Japan,2,Medium,2000,2000.5,50-54,50,5,0.0,0.0,0.0
104,392,,JPN,JP,392,4,Country/Area,906,Japan,2,Medium,2001,2001.5,14-Oct,10,5,0.0,0.0,0.0
104,392,,JPN,JP,392,4,Country/Area,906,Japan,2,Medium,2001,2001.5,15-19,15,5,5.744,2.14,19.944
104,392,,JPN,JP,392,4,Country/Area,906,Japan,2,Medium,2001,2001.5,20-24,20,5,40.537,15.101,162.732
104,392,,JPN,JP,392,4,Country/Area,906,Japan,2,Medium,2001,2001.5,25-29,25,5,94.941,35.367,454.923
104,392,,JPN,JP,392,4,Country/Area,906,Japan,2,Medium,2001,2001.5,30-34,30,5,90.837,33.838,404.983
104,392,,JPN,JP,392,4,Country/Area,906,Japan,2,Medium,2001,2001.5,35-39,35,5,32.524,12.116,129.695
104,392,,JPN,JP,392,4,Country/Area,906,Japan,2,Medium,2001,2001.5,40-44,40,5,3.738,1.393,14.221
104,392,,JPN,JP,392,4,Country/Area,906,Japan,2,Medium,2001,2001.5,45-49,45,5,0.123,0.046,0.513
104,392,,JPN,JP,392,4,Country/Area,906,Japan,2,Medium,2001,2001.5,50-54,50,5,0.0,0.0,0.0
104,392,,JPN,JP,392,4,Country/Area,906,Japan,2,Medium,2002,2002.5,14-Oct,10,5,0.0,0.0,0.0
104,392,,JPN,JP,392,4,Country/Area,906,Japan,2,Medium,2002,2002.5,15-19,15,5,5.973,2.248,20.352
104,392,,JPN,JP,392,4,Country/Area,906,Japan,2,Medium,2002,2002.5,20-24,20,5,40.508,15.249,156.617
104,392,,JPN,JP,392,4,Country/Area,906,Japan,2,Medium,2002,2002.5,25-29,25,5,93.143,35.062,436.519
104,392,,JPN,JP,392,4,Country/Area,906,Japan,2,Medium,2002,2002.5,30-34,30,5,89.116,33.546,411.34
104,392,,JPN,JP,392,4,Country/Area,906,Japan,2,Medium,2002,2002.5,35-39,35,5,32.766,12.334,131.665
104,392,,JPN,JP,392,4,Country/Area,906,Japan,2,Medium,2002,2002.5,40-44,40,5,4.024,1.515,15.382
104,392,,JPN,JP,392,4,Country/Area,906,Japan,2,Medium,2002,2002.5,45-49,45,5,0.123,0.046,0.494
104,392,,JPN,JP,392,4,Country/Area,906,Japan,2,Medium,2002,2002.5,50-54,50,5,0.0,0.0,0.0
104,392,,JPN,JP,392,4,Country/Area,906,Japan,2,Medium,2003,2003.5,14-Oct,10,5,0.0,0.0,0.0
104,392,,JPN,JP,392,4,Country/Area,906,Japan,2,Medium,2003,2003.5,15-19,15,5,5.696,2.183,19.035
104,392,,JPN,JP,392,4,Country/Area,906,Japan,2,Medium,2003,2003.5,20-24,20,5,38.553,14.775,144.326
104,392,,JPN,JP,392,4,Country/Area,906,Japan,2,Medium,2003,2003.5,25-29,25,5,90.316,34.612,408.358
104,392,,JPN,JP,392,4,Country/Area,906,Japan,2,Medium,2003,2003.5,30-34,30,5,87.319,33.463,410.055
104,392,,JPN,JP,392,4,Country/Area,906,Japan,2,Medium,2003,2003.5,35-39,35,5,34.544,13.238,142.838
104,392,,JPN,JP,392,4,Country/Area,906,Japan,2,Medium,2003,2003.5,40-44,40,5,4.419,1.693,17.045
104,392,,JPN,JP,392,4,Country/Area,906,Japan,2,Medium,2003,2003.5,45-49,45,5,0.084,0.032,0.33
104,392,,JPN,JP,392,4,Country/Area,906,Japan,2,Medium,2003,2003.5,50-54,50,5,0.009,0.003,0.044
104,392,,JPN,JP,392,4,Country/Area,906,Japan,2,Medium,2004,2004.5,14-Oct,10,5,0.0,0.0,0.0
104,392,,JPN,JP,392,4,Country/Area,906,Japan,2,Medium,2004,2004.5,15-19,15,5,5.565,2.139,18.147
104,392,,JPN,JP,392,4,Country/Area,906,Japan,2,Medium,2004,2004.5,20-24,20,5,37.74,14.504,137.583
104,392,,JPN,JP,392,4,Country/Area,906,Japan,2,Medium,2004,2004.5,25-29,25,5,88.318,33.941,382.288
104,392,,JPN,JP,392,4,Country/Area,906,Japan,2,Medium,2004,2004.5,30-34,30,5,87.196,33.51,417.612
104,392,,JPN,JP,392,4,Country/Area,906,Japan,2,Medium,2004,2004.5,35-39,35,5,36.458,14.011,153.5
104,392,,JPN,JP,392,4,Country/Area,906,Japan,2,Medium,2004,2004.5,40-44,40,5,4.865,1.87,19.009
104,392,,JPN,JP,392,4,Country/Area,906,Japan,2,Medium,2004,2004.5,45-49,45,5,0.06,0.023,0.233
104,392,,JPN,JP,392,4,Country/Area,906,Japan,2,Medium,2004,2004.5,50-54,50,5,0.005,0.002,0.024
104,392,,JPN,JP,392,4,Country/Area,906,Japan,2,Medium,2005,2005.5,14-Oct,10,5,0.0,0.0,0.0
104,392,,JPN,JP,392,4,Country/Area,906,Japan,2,Medium,2005,2005.5,15-19,15,5,5.233,2.036,16.589
104,392,,JPN,JP,392,4,Country/Area,906,Japan,2,Medium,2005,2005.5,20-24,20,5,37.09,14.429,132.257
104,392,,JPN,JP,392,4,Country/Area,906,Japan,2,Medium,2005,2005.5,25-29,25,5,85.819,33.385,356.075
104,392,,JPN,JP,392,4,Country/Area,906,Japan,2,Medium,2005,2005.5,30-34,30,5,86.378,33.603,417.018
104,392,,JPN,JP,392,4,Country/Area,906,Japan,2,Medium,2005,2005.5,35-39,35,5,37.287,14.506,159.27
104,392,,JPN,JP,392,4,Country/Area,906,Japan,2,Medium,2005,2005.5,40-44,40,5,5.173,2.012,20.639
104,392,,JPN,JP,392,4,Country/Area,906,Japan,2,Medium,2005,2005.5,45-49,45,5,0.07,0.027,0.267
104,392,,JPN,JP,392,4,Country/Area,906,Japan,2,Medium,2005,2005.5,50-54,50,5,0.005,0.002,0.02
104,392,,JPN,JP,392,4,Country/Area,906,Japan,2,Medium,2006,2006.5,14-Oct,10,5,0.0,0.0,0.0
104,392,,JPN,JP,392,4,Country/Area,906,Japan,2,Medium,2006,2006.5,15-19,15,5,5.15,1.944,15.949
104,392,,JPN,JP,392,4,Country/Area,906,Japan,2,Medium,2006,2006.5,20-24,20,5,37.892,14.299,132.435
104,392,,JPN,JP,392,4,Country/Area,906,Japan,2,Medium,2006,2006.5,25-29,25,5,87.85,33.152,350.351
104,392,,JPN,JP,392,4,Country/Area,906,Japan,2,Medium,2006,2006.5,30-34,30,5,88.871,33.537,426.108
104,392,,JPN,JP,392,4,Country/Area,906,Japan,2,Medium,2006,2006.5,35-39,35,5,39.639,14.959,175.78
104,392,,JPN,JP,392,4,Country/Area,906,Japan,2,Medium,2006,2006.5,40-44,40,5,5.542,2.092,22.152
104,392,,JPN,JP,392,4,Country/Area,906,Japan,2,Medium,2006,2006.5,45-49,45,5,0.049,0.018,0.186
104,392,,JPN,JP,392,4,Country/Area,906,Japan,2,Medium,2006,2006.5,50-54,50,5,0.0,0.0,0.0
104,392,,JPN,JP,392,4,Country/Area,906,Japan,2,Medium,2007,2007.5,14-Oct,10,5,0.0,0.0,0.0
104,392,,JPN,JP,392,4,Country/Area,906,Japan,2,Medium,2007,2007.5,15-19,15,5,5.046,1.875,15.336
104,392,,JPN,JP,392,4,Country/Area,906,Japan,2,Medium,2007,2007.5,20-24,20,5,37.836,14.06,129.828
104,392,,JPN,JP,392,4,Country/Area,906,Japan,2,Medium,2007,2007.5,25-29,25,5,87.697,32.588,337.208
104,392,,JPN,JP,392,4,Country/Area,906,Japan,2,Medium,2007,2007.5,30-34,30,5,90.636,33.68,425.424
104,392,,JPN,JP,392,4,Country/Area,906,Japan,2,Medium,2007,2007.5,35-39,35,5,41.651,15.477,191.254
104,392,,JPN,JP,392,4,Country/Area,906,Japan,2,Medium,2007,2007.5,40-44,40,5,6.188,2.299,24.925
104,392,,JPN,JP,392,4,Country/Area,906,Japan,2,Medium,2007,2007.5,45-49,45,5,0.055,0.02,0.21
104,392,,JPN,JP,392,4,Country/Area,906,Japan,2,Medium,2007,2007.5,50-54,50,5,0.002,0.001,0.006
104,392,,JPN,JP,392,4,Country/Area,906,Japan,2,Medium,2008,2008.5,14-Oct,10,5,0.0,0.0,0.0
104,392,,JPN,JP,392,4,Country/Area,906,Japan,2,Medium,2008,2008.5,15-19,15,5,5.122,1.865,15.282
104,392,,JPN,JP,392,4,Country/Area,906,Japan,2,Medium,2008,2008.5,20-24,20,5,38.411,13.983,129.323
104,392,,JPN,JP,392,4,Country/Area,906,Japan,2,Medium,2008,2008.5,25-29,25,5,87.817,31.968,327.288
104,392,,JPN,JP,392,4,Country/Area,906,Japan,2,Medium,2008,2008.5,30-34,30,5,92.4,33.637,418.853
104,392,,JPN,JP,392,4,Country/Area,906,Japan,2,Medium,2008,2008.5,35-39,35,5,43.84,15.959,204.843
104,392,,JPN,JP,392,4,Country/Area,906,Japan,2,Medium,2008,2008.5,40-44,40,5,7.038,2.562,29.172
104,392,,JPN,JP,392,4,Country/Area,906,Japan,2,Medium,2008,2008.5,45-49,45,5,0.074,0.027,0.286
104,392,,JPN,JP,392,4,Country/Area,906,Japan,2,Medium,2008,2008.5,50-54,50,5,0.0,0.0,0.0
104,392,,JPN,JP,392,4,Country/Area,906,Japan,2,Medium,2009,2009.5,14-Oct,10,5,0.0,0.0,0.0
104,392,,JPN,JP,392,4,Country/Area,906,Japan,2,Medium,2009,2009.5,15-19,15,5,4.887,1.776,14.449
104,392,,JPN,JP,392,4,Country/Area,906,Japan,2,Medium,2009,2009.5,20-24,20,5,37.206,13.525,122.318
104,392,,JPN,JP,392,4,Country/Area,906,Japan,2,Medium,2009,2009.5,25-29,25,5,86.863,31.576,315.414
104,392,,JPN,JP,392,4,Country/Area,906,Japan,2,Medium,2009,2009.5,30-34,30,5,93.271,33.906,405.123
104,392,,JPN,JP,392,4,Country/Area,906,Japan,2,Medium,2009,2009.5,35-39,35,5,45.043,16.374,214.677
104,392,,JPN,JP,392,4,Country/Area,906,Japan,2,Medium,2009,2009.5,40-44,40,5,7.707,2.802,32.526
104,392,,JPN,JP,392,4,Country/Area,906,Japan,2,Medium,2009,2009.5,45-49,45,5,0.11,0.04,0.43
104,392,,JPN,JP,392,4,Country/Area,906,Japan,2,Medium,2009,2009.5,50-54,50,5,0.003,0.001,0.012
104,392,,JPN,JP,392,4,Country/Area,906,Japan,2,Medium,2010,2010.5,14-Oct,10,5,0.0,0.0,0.0
104,392,,JPN,JP,392,4,Country/Area,906,Japan,2,Medium,2010,2010.5,15-19,15,5,4.561,1.639,13.472
104,392,,JPN,JP,392,4,Country/Area,906,Japan,2,Medium,2010,2010.5,20-24,20,5,36.656,13.171,117.209
104,392,,JPN,JP,392,4,Country/Area,906,Japan,2,Medium,2010,2010.5,25-29,25,5,87.547,31.456,310.979
104,392,,JPN,JP,392,4,Country/Area,906,Japan,2,Medium,2010,2010.5,30-34,30,5,94.701,34.027,394.546
104,392,,JPN,JP,392,4,Country/Area,906,Japan,2,Medium,2010,2010.5,35-39,35,5,46.304,16.637,222.548
104,392,,JPN,JP,392,4,Country/Area,906,Japan,2,Medium,2010,2010.5,40-44,40,5,8.401,3.019,35.966
104,392,,JPN,JP,392,4,Country/Area,906,Japan,2,Medium,2010,2010.5,45-49,45,5,0.139,0.05,0.552
104,392,,JPN,JP,392,4,Country/Area,906,Japan,2,Medium,2010,2010.5,50-54,50,5,0.004,0.001,0.015
104,392,,JPN,JP,392,4,Country/Area,906,Japan,2,Medium,2011,2011.5,14-Oct,10,5,0.0,0.0,0.0
104,392,,JPN,JP,392,4,Country/Area,906,Japan,2,Medium,2011,2011.5,15-19,15,5,4.408,1.584,13.009
104,392,,JPN,JP,392,4,Country/Area,906,Japan,2,Medium,2011,2011.5,20-24,20,5,35.171,12.637,109.891
104,392,,JPN,JP,392,4,Country/Area,906,Japan,2,Medium,2011,2011.5,25-29,25,5,87.459,31.423,304.364
104,392,,JPN,JP,392,4,Country/Area,906,Japan,2,Medium,2011,2011.5,30-34,30,5,95.65,34.366,383.113
104,392,,JPN,JP,392,4,Country/Area,906,Japan,2,Medium,2011,2011.5,35-39,35,5,46.818,16.821,223.458
104,392,,JPN,JP,392,4,Country/Area,906,Japan,2,Medium,2011,2011.5,40-44,40,5,8.662,3.112,38.478
104,392,,JPN,JP,392,4,Country/Area,906,Japan,2,Medium,2011,2011.5,45-49,45,5,0.151,0.054,0.602
104,392,,JPN,JP,392,4,Country/Area,906,Japan,2,Medium,2011,2011.5,50-54,50,5,0.005,0.002,0.018
104,392,,JPN,JP,392,4,Country/Area,906,Japan,2,Medium,2012,2012.5,14-Oct,10,5,0.0,0.0,0.0
104,392,,JPN,JP,392,4,Country/Area,906,Japan,2,Medium,2012,2012.5,15-19,15,5,4.341,1.542,12.805
104,392,,JPN,JP,392,4,Country/Area,906,Japan,2,Medium,2012,2012.5,20-24,20,5,33.254,11.816,101.98
104,392,,JPN,JP,392,4,Country/Area,906,Japan,2,Medium,2012,2012.5,25-29,25,5,87.77,31.187,299.712
104,392,,JPN,JP,392,4,Country/Area,906,Japan,2,Medium,2012,2012.5,30-34,30,5,97.761,34.737,377.445
104,392,,JPN,JP,392,4,Country/Area,906,Japan,2,Medium,2012,2012.5,35-39,35,5,48.721,17.312,227.536
104,392,,JPN,JP,392,4,Country/Area,906,Japan,2,Medium,2012,2012.5,40-44,40,5,9.395,3.338,43.184
104,392,,JPN,JP,392,4,Country/Area,906,Japan,2,Medium,2012,2012.5,45-49,45,5,0.184,0.066,0.739
104,392,,JPN,JP,392,4,Country/Area,906,Japan,2,Medium,2012,2012.5,50-54,50,5,0.006,0.002,0.023
104,392,,JPN,JP,392,4,Country/Area,906,Japan,2,Medium,2013,2013.5,14-Oct,10,5,0.0,0.0,0.0
104,392,,JPN,JP,392,4,Country/Area,906,Japan,2,Medium,2013,2013.5,15-19,15,5,4.371,1.533,12.894
104,392,,JPN,JP,392,4,Country/Area,906,Japan,2,Medium,2013,2013.5,20-24,20,5,31.907,11.187,96.063
104,392,,JPN,JP,392,4,Country/Area,906,Japan,2,Medium,2013,2013.5,25-29,25,5,87.303,30.611,292.512
104,392,,JPN,JP,392,4,Country/Area,906,Japan,2,Medium,2013,2013.5,30-34,30,5,99.785,34.987,373.173
104,392,,JPN,JP,392,4,Country/Area,906,Japan,2,Medium,2013,2013.5,35-39,35,5,51.317,17.993,231.333
104,392,,JPN,JP,392,4,Country/Area,906,Japan,2,Medium,2013,2013.5,40-44,40,5,10.299,3.611,48.141
104,392,,JPN,JP,392,4,Country/Area,906,Japan,2,Medium,2013,2013.5,45-49,45,5,0.217,0.076,0.896
104,392,,JPN,JP,392,4,Country/Area,906,Japan,2,Medium,2013,2013.5,50-54,50,5,0.007,0.002,0.026
104,392,,JPN,JP,392,4,Country/Area,906,Japan,2,Medium,2014,2014.5,14-Oct,10,5,0.0,0.0,0.0
104,392,,JPN,JP,392,4,Country/Area,906,Japan,2,Medium,2014,2014.5,15-19,15,5,4.345,1.529,12.762
104,392,,JPN,JP,392,4,Country/Area,906,Japan,2,Medium,2014,2014.5,20-24,20,5,30.326,10.673,90.465
104,392,,JPN,JP,392,4,Country/Area,906,Japan,2,Medium,2014,2014.5,25-29,25,5,85.394,30.053,279.453
104,392,,JPN,JP,392,4,Country/Area,906,Japan,2,Medium,2014,2014.5,30-34,30,5,100.334,35.311,365.278
104,392,,JPN,JP,392,4,Country/Area,906,Japan,2,Medium,2014,2014.5,35-39,35,5,52.706,18.549,227.553
104,392,,JPN,JP,392,4,Country/Area,906,Japan,2,Medium,2014,2014.5,40-44,40,5,10.782,3.794,51.378
104,392,,JPN,JP,392,4,Country/Area,906,Japan,2,Medium,2014,2014.5,45-49,45,5,0.246,0.086,1.032
104,392,,JPN,JP,392,4,Country/Area,906,Japan,2,Medium,2014,2014.5,50-54,50,5,0.008,0.003,0.03
104,392,,JPN,JP,392,4,Country/Area,906,Japan,2,Medium,2015,2015.5,14-Oct,10,5,0.0,0.0,0.0
104,392,,JPN,JP,392,4,Country/Area,906,Japan,2,Medium,2015,2015.5,15-19,15,5,4.027,1.396,11.777
104,392,,JPN,JP,392,4,Country/Area,906,Japan,2,Medium,2015,2015.5,20-24,20,5,29.715,10.301,88.526
104,392,,JPN,JP,392,4,Country/Area,906,Japan,2,Medium,2015,2015.5,25-29,25,5,85.418,29.609,271.965
104,392,,JPN,JP,392,4,Country/Area,906,Japan,2,Medium,2015,2015.5,30-34,30,5,102.757,35.62,365.556
104,392,,JPN,JP,392,4,Country/Area,906,Japan,2,Medium,2015,2015.5,35-39,35,5,55.083,19.094,227.999
104,392,,JPN,JP,392,4,Country/Area,906,Japan,2,Medium,2015,2015.5,40-44,40,5,11.208,3.885,53.833
104,392,,JPN,JP,392,4,Country/Area,906,Japan,2,Medium,2015,2015.5,45-49,45,5,0.266,0.092,1.131
104,392,,JPN,JP,392,4,Country/Area,906,Japan,2,Medium,2015,2015.5,50-54,50,5,0.008,0.003,0.033
104,392,,JPN,JP,392,4,Country/Area,906,Japan,2,Medium,2016,2016.5,14-Oct,10,5,0.0,0.0,0.0
104,392,,JPN,JP,392,4,Country/Area,906,Japan,2,Medium,2016,2016.5,15-19,15,5,3.742,1.308,10.91
104,392,,JPN,JP,392,4,Country/Area,906,Japan,2,Medium,2016,2016.5,20-24,20,5,28.846,10.083,85.857
104,392,,JPN,JP,392,4,Country/Area,906,Japan,2,Medium,2016,2016.5,25-29,25,5,83.871,29.318,261.026
104,392,,JPN,JP,392,4,Country/Area,906,Japan,2,Medium,2016,2016.5,30-34,30,5,102.234,35.736,356.078
104,392,,JPN,JP,392,4,Country/Area,906,Japan,2,Medium,2016,2016.5,35-39,35,5,55.879,19.533,222.319
104,392,,JPN,JP,392,4,Country/Area,906,Japan,2,Medium,2016,2016.5,40-44,40,5,11.228,3.925,53.536
104,392,,JPN,JP,392,4,Country/Area,906,Japan,2,Medium,2016,2016.5,45-49,45,5,0.269,0.094,1.189
104,392,,JPN,JP,392,4,Country/Area,906,Japan,2,Medium,2016,2016.5,50-54,50,5,0.008,0.003,0.033
104,392,,JPN,JP,392,4,Country/Area,906,Japan,2,Medium,2017,2017.5,14-Oct,10,5,0.0,0.0,0.0
104,392,,JPN,JP,392,4,Country/Area,906,Japan,2,Medium,2017,2017.5,15-19,15,5,3.29,1.218,9.522
104,392,,JPN,JP,392,4,Country/Area,906,Japan,2,Medium,2017,2017.5,20-24,20,5,26.823,9.93,79.787
104,392,,JPN,JP,392,4,Country/Area,906,Japan,2,Medium,2017,2017.5,25-29,25,5,78.032,28.887,238.383
104,392,,JPN,JP,392,4,Country/Area,906,Japan,2,Medium,2017,2017.5,30-34,30,5,97.366,36.044,332.652
104,392,,JPN,JP,392,4,Country/Area,906,Japan,2,Medium,2017,2017.5,35-39,35,5,53.737,19.893,206.084
104,392,,JPN,JP,392,4,Country/Area,906,Japan,2,Medium,2017,2017.5,40-44,40,5,10.616,3.93,49.523
104,392,,JPN,JP,392,4,Country/Area,906,Japan,2,Medium,2017,2017.5,45-49,45,5,0.257,0.095,1.176
104,392,,JPN,JP,392,4,Country/Area,906,Japan,2,Medium,2017,2017.5,50-54,50,5,0.008,0.003,0.032
104,392,,JPN,JP,392,4,Country/Area,906,Japan,2,Medium,2018,2018.5,14-Oct,10,5,0.0,0.0,0.0
104,392,,JPN,JP,392,4,Country/Area,906,Japan,2,Medium,2018,2018.5,15-19,15,5,2.992,1.125,8.569
104,392,,JPN,JP,392,4,Country/Area,906,Japan,2,Medium,2018,2018.5,20-24,20,5,25.999,9.777,77.327
104,392,,JPN,JP,392,4,Country/Area,906,Japan,2,Medium,2018,2018.5,25-29,25,5,76.535,28.783,229.575
104,392,,JPN,JP,392,4,Country/Area,906,Japan,2,Medium,2018,2018.5,30-34,30,5,96.018,36.11,321.835
104,392,,JPN,JP,392,4,Country/Area,906,Japan,2,Medium,2018,2018.5,35-39,35,5,53.285,20.039,197.899
104,392,,JPN,JP,392,4,Country/Area,906,Japan,2,Medium,2018,2018.5,40-44,40,5,10.766,4.049,48.47
104,392,,JPN,JP,392,4,Country/Area,906,Japan,2,Medium,2018,2018.5,45-49,45,5,0.299,0.112,1.39
104,392,,JPN,JP,392,4,Country/Area,906,Japan,2,Medium,2018,2018.5,50-54,50,5,0.01,0.004,0.04
104,392,,JPN,JP,392,4,Country/Area,906,Japan,2,Medium,2019,2019.5,14-Oct,10,5,0.0,0.0,0.0
104,392,,JPN,JP,392,4,Country/Area,906,Japan,2,Medium,2019,2019.5,15-19,15,5,2.808,1.096,7.944
104,392,,JPN,JP,392,4,Country/Area,906,Japan,2,Medium,2019,2019.5,20-24,20,5,24.836,9.688,73.541
104,392,,JPN,JP,392,4,Country/Area,906,Japan,2,Medium,2019,2019.5,25-29,25,5,73.481,28.663,218.363
104,392,,JPN,JP,392,4,Country/Area,906,Japan,2,Medium,2019,2019.5,30-34,30,5,92.407,36.045,302.592
104,392,,JPN,JP,392,4,Country/Area,906,Japan,2,Medium,2019,2019.5,35-39,35,5,51.71,20.171,186.934
104,392,,JPN,JP,392,4,Country/Area,906,Japan,2,Medium,2019,2019.5,40-44,40,5,10.787,4.208,46.512
104,392,,JPN,JP,392,4,Country/Area,906,Japan,2,Medium,2019,2019.5,45-49,45,5,0.323,0.126,1.532
104,392,,JPN,JP,392,4,Country/Area,906,Japan,2,Medium,2019,2019.5,50-54,50,5,0.011,0.004,0.047
104,392,,JPN,JP,392,4,Country/Area,906,Japan,2,Medium,2020,2020.5,14-Oct,10,5,0.0,0.0,0.0
104,392,,JPN,JP,392,4,Country/Area,906,Japan,2,Medium,2020,2020.5,15-19,15,5,2.887,1.119,8.033
104,392,,JPN,JP,392,4,Country/Area,906,Japan,2,Medium,2020,2020.5,20-24,20,5,25.172,9.757,74.189
104,392,,JPN,JP,392,4,Country/Area,906,Japan,2,Medium,2020,2020.5,25-29,25,5,73.956,28.666,219.463
104,392,,JPN,JP,392,4,Country/Area,906,Japan,2,Medium,2020,2020.5,30-34,30,5,92.647,35.911,295.258
104,392,,JPN,JP,392,4,Country/Area,906,Japan,2,Medium,2020,2020.5,35-39,35,5,52.104,20.196,184.055
104,392,,JPN,JP,392,4,Country/Area,906,Japan,2,Medium,2020,2020.5,40-44,40,5,10.9,4.225,45.057
104,392,,JPN,JP,392,4,Country/Area,906,Japan,2,Medium,2020,2020.5,45-49,45,5,0.314,0.122,1.5
104,392,,JPN,JP,392,4,Country/Area,906,Japan,2,Medium,2020,2020.5,50-54,50,5,0.011,0.004,0.048
104,392,,JPN,JP,392,4,Country/Area,906,Japan,2,Medium,2021,2021.5,14-Oct,10,5,0.0,0.0,0.0
104,392,,JPN,JP,392,4,Country/Area,906,Japan,2,Medium,2021,2021.5,15-19,15,5,2.903,1.122,7.935
104,392,,JPN,JP,392,4,Country/Area,906,Japan,2,Medium,2021,2021.5,20-24,20,5,25.583,9.89,75.364
104,392,,JPN,JP,392,4,Country/Area,906,Japan,2,Medium,2021,2021.5,25-29,25,5,74.587,28.833,221.372
104,392,,JPN,JP,392,4,Country/Area,906,Japan,2,Medium,2021,2021.5,30-34,30,5,92.682,35.828,289.988
104,392,,JPN,JP,392,4,Country/Area,906,Japan,2,Medium,2021,2021.5,35-39,35,5,51.812,20.029,179.427
104,392,,JPN,JP,392,4,Country/Area,906,Japan,2,Medium,2021,2021.5,40-44,40,5,10.807,4.178,42.941
104,392,,JPN,JP,392,4,Country/Area,906,Japan,2,Medium,2021,2021.5,45-49,45,5,0.302,0.117,1.432
104,392,,JPN,JP,392,4,Country/Area,906,Japan,2,Medium,2021,2021.5,50-54,50,5,0.011,0.004,0.049
104,392,,JPN,JP,392,4,Country/Area,906,Japan,2,Medium,2022,2022.5,14-Oct,10,5,0.079,0.03,0.205
104,392,,JPN,JP,392,4,Country/Area,906,Japan,2,Medium,2022,2022.5,15-19,15,5,2.813,1.082,7.597
104,392,,JPN,JP,392,4,Country/Area,906,Japan,2,Medium,2022,2022.5,20-24,20,5,25.086,9.646,73.47
104,392,,JPN,JP,392,4,Country/Area,906,Japan,2,Medium,2022,2022.5,25-29,25,5,74.141,28.508,220.642
104,392,,JPN,JP,392,4,Country/Area,906,Japan,2,Medium,2022,2022.5,30-34,30,5,93.279,35.867,287.329
104,392,,JPN,JP,392,4,Country/Area,906,Japan,2,Medium,2022,2022.5,35-39,35,5,52.864,20.327,179.864
104,392,,JPN,JP,392,4,Country/Area,906,Japan,2,Medium,2022,2022.5,40-44,40,5,11.338,4.36,43.436
104,392,,JPN,JP,392,4,Country/Area,906,Japan,2,Medium,2022,2022.5,45-49,45,5,0.363,0.14,1.688
104,392,,JPN,JP,392,4,Country/Area,906,Japan,2,Medium,2022,2022.5,50-54,50,5,0.104,0.04,0.474
104,392,,JPN,JP,392,4,Country/Area,906,Japan,2,Medium,2023,2023.5,14-Oct,10,5,0.079,0.03,0.204
104,392,,JPN,JP,392,4,Country/Area,906,Japan,2,Medium,2023,2023.5,15-19,15,5,2.709,1.033,7.258
104,392,,JPN,JP,392,4,Country/Area,906,Japan,2,Medium,2023,2023.5,20-24,20,5,24.705,9.418,71.68
104,392,,JPN,JP,392,4,Country/Area,906,Japan,2,Medium,2023,2023.5,25-29,25,5,73.984,28.205,221.219
104,392,,JPN,JP,392,4,Country/Area,906,Japan,2,Medium,2023,2023.5,30-34,30,5,94.174,35.902,285.403
104,392,,JPN,JP,392,4,Country/Area,906,Japan,2,Medium,2023,2023.5,35-39,35,5,54.166,20.65,181.207
104,392,,JPN,JP,392,4,Country/Area,906,Japan,2,Medium,2023,2023.5,40-44,40,5,11.979,4.567,44.484
104,392,,JPN,JP,392,4,Country/Area,906,Japan,2,Medium,2023,2023.5,45-49,45,5,0.403,0.154,1.81
104,392,,JPN,JP,392,4,Country/Area,906,Japan,2,Medium,2023,2023.5,50-54,50,5,0.106,0.04,0.489
104,392,,JPN,JP,392,4,Country/Area,906,Japan,2,Medium,2024,2024.5,14-Oct,10,5,0.08,0.03,0.201
104,392,,JPN,JP,392,4,Country/Area,906,Japan,2,Medium,2024,2024.5,15-19,15,5,2.627,0.991,6.998
104,392,,JPN,JP,392,4,Country/Area,906,Japan,2,Medium,2024,2024.5,20-24,20,5,24.42,9.207,69.992
104,392,,JPN,JP,392,4,Country/Area,906,Japan,2,Medium,2024,2024.5,25-29,25,5,73.973,27.892,221.322
104,392,,JPN,JP,392,4,Country/Area,906,Japan,2,Medium,2024,2024.5,30-34,30,5,95.273,35.923,286.325
104,392,,JPN,JP,392,4,Country/Area,906,Japan,2,Medium,2024,2024.5,35-39,35,5,55.597,20.963,182.341
104,392,,JPN,JP,392,4,Country/Area,906,Japan,2,Medium,2024,2024.5,40-44,40,5,12.689,4.784,45.914
104,392,,JPN,JP,392,4,Country/Area,906,Japan,2,Medium,2024,2024.5,45-49,45,5,0.451,0.17,1.942
104,392,,JPN,JP,392,4,Country/Area,906,Japan,2,Medium,2024,2024.5,50-54,50,5,0.106,0.04,0.501
104,392,,JPN,JP,392,4,Country/Area,906,Japan,2,Medium,2025,2025.5,14-Oct,10,5,0.08,0.03,0.198
104,392,,JPN,JP,392,4,Country/Area,906,Japan,2,Medium,2025,2025.5,15-19,15,5,2.551,0.96,6.764
104,392,,JPN,JP,392,4,Country/Area,906,Japan,2,Medium,2025,2025.5,20-24,20,5,23.912,8.998,67.42
104,392,,JPN,JP,392,4,Country/Area,906,Japan,2,Medium,2025,2025.5,25-29,25,5,73.313,27.587,219.31
104,392,,JPN,JP,392,4,Country/Area,906,Japan,2,Medium,2025,2025.5,30-34,30,5,95.514,35.941,286.745
104,392,,JPN,JP,392,4,Country/Area,906,Japan,2,Medium,2025,2025.5,35-39,35,5,56.508,21.264,181.273
104,392,,JPN,JP,392,4,Country/Area,906,Japan,2,Medium,2025,2025.5,40-44,40,5,13.265,4.992,46.967
104,392,,JPN,JP,392,4,Country/Area,906,Japan,2,Medium,2025,2025.5,45-49,45,5,0.5,0.188,2.064
104,392,,JPN,JP,392,4,Country/Area,906,Japan,2,Medium,2025,2025.5,50-54,50,5,0.106,0.04,0.502
104,392,,JPN,JP,392,4,Country/Area,906,Japan,2,Medium,2026,2026.5,14-Oct,10,5,0.08,0.03,0.197
104,392,,JPN,JP,392,4,Country/Area,906,Japan,2,Medium,2026,2026.5,15-19,15,5,2.511,0.936,6.614
104,392,,JPN,JP,392,4,Country/Area,906,Japan,2,Medium,2026,2026.5,20-24,20,5,23.529,8.77,65.22
104,392,,JPN,JP,392,4,Country/Area,906,Japan,2,Medium,2026,2026.5,25-29,25,5,73.298,27.32,219.259
104,392,,JPN,JP,392,4,Country/Area,906,Japan,2,Medium,2026,2026.5,30-34,30,5,96.502,35.969,289.867
104,392,,JPN,JP,392,4,Country/Area,906,Japan,2,Medium,2026,2026.5,35-39,35,5,57.85,21.562,182.273
104,392,,JPN,JP,392,4,Country/Area,906,Japan,2,Medium,2026,2026.5,40-44,40,5,13.862,5.167,48.129
104,392,,JPN,JP,392,4,Country/Area,906,Japan,2,Medium,2026,2026.5,45-49,45,5,0.556,0.207,2.209
104,392,,JPN,JP,392,4,Country/Area,906,Japan,2,Medium,2026,2026.5,50-54,50,5,0.105,0.039,0.495
104,392,,JPN,JP,392,4,Country/Area,906,Japan,2,Medium,2027,2027.5,14-Oct,10,5,0.081,0.03,0.194
104,392,,JPN,JP,392,4,Country/Area,906,Japan,2,Medium,2027,2027.5,15-19,15,5,2.462,0.911,6.412
104,392,,JPN,JP,392,4,Country/Area,906,Japan,2,Medium,2027,2027.5,20-24,20,5,23.057,8.53,63.164
104,392,,JPN,JP,392,4,Country/Area,906,Japan,2,Medium,2027,2027.5,25-29,25,5,73.182,27.075,217.759
104,392,,JPN,JP,392,4,Country/Area,906,Japan,2,Medium,2027,2027.5,30-34,30,5,97.265,35.984,293.05
104,392,,JPN,JP,392,4,Country/Area,906,Japan,2,Medium,2027,2027.5,35-39,35,5,59.107,21.867,183.421
104,392,,JPN,JP,392,4,Country/Area,906,Japan,2,Medium,2027,2027.5,40-44,40,5,14.419,5.334,49.196
104,392,,JPN,JP,392,4,Country/Area,906,Japan,2,Medium,2027,2027.5,45-49,45,5,0.622,0.23,2.38
104,392,,JPN,JP,392,4,Country/Area,906,Japan,2,Medium,2027,2027.5,50-54,50,5,0.103,0.038,0.478
104,392,,JPN,JP,392,4,Country/Area,906,Japan,2,Medium,2028,2028.5,14-Oct,10,5,0.082,0.03,0.191
104,392,,JPN,JP,392,4,Country/Area,906,Japan,2,Medium,2028,2028.5,15-19,15,5,2.397,0.882,6.167
104,392,,JPN,JP,392,4,Country/Area,906,Japan,2,Medium,2028,2028.5,20-24,20,5,22.527,8.295,61.228
104,392,,JPN,JP,392,4,Country/Area,906,Japan,2,Medium,2028,2028.5,25-29,25,5,72.86,26.829,214.814
104,392,,JPN,JP,392,4,Country/Area,906,Japan,2,Medium,2028,2028.5,30-34,30,5,97.651,35.958,295.6
104,392,,JPN,JP,392,4,Country/Area,906,Japan,2,Medium,2028,2028.5,35-39,35,5,60.244,22.184,183.962
104,392,,JPN,JP,392,4,Country/Area,906,Japan,2,Medium,2028,2028.5,40-44,40,5,15.006,5.526,50.352
104,392,,JPN,JP,392,4,Country/Area,906,Japan,2,Medium,2028,2028.5,45-49,45,5,0.701,0.258,2.601
104,392,,JPN,JP,392,4,Country/Area,906,Japan,2,Medium,2028,2028.5,50-54,50,5,0.102,0.038,0.456
104,392,,JPN,JP,392,4,Country/Area,906,Japan,2,Medium,2029,2029.5,14-Oct,10,5,0.082,0.03,0.186
104,392,,JPN,JP,392,4,Country/Area,906,Japan,2,Medium,2029,2029.5,15-19,15,5,2.333,0.854,5.923
104,392,,JPN,JP,392,4,Country/Area,906,Japan,2,Medium,2029,2029.5,20-24,20,5,22.088,8.084,59.701
104,392,,JPN,JP,392,4,Country/Area,906,Japan,2,Medium,2029,2029.5,25-29,25,5,72.625,26.58,211.57
104,392,,JPN,JP,392,4,Country/Area,906,Japan,2,Medium,2029,2029.5,30-34,30,5,98.118,35.91,297.196
104,392,,JPN,JP,392,4,Country/Area,906,Japan,2,Medium,2029,2029.5,35-39,35,5,61.49,22.505,186.224
104,392,,JPN,JP,392,4,Country/Area,906,Japan,2,Medium,2029,2029.5,40-44,40,5,15.609,5.713,51.353
104,392,,JPN,JP,392,4,Country/Area,906,Japan,2,Medium,2029,2029.5,45-49,45,5,0.786,0.288,2.843
104,392,,JPN,JP,392,4,Country/Area,906,Japan,2,Medium,2029,2029.5,50-54,50,5,0.101,0.037,0.435
104,392,,JPN,JP,392,4,Country/Area,906,Japan,2,Medium,2030,2030.5,14-Oct,10,5,0.081,0.03,0.178
104,392,,JPN,JP,392,4,Country/Area,906,Japan,2,Medium,2030,2030.5,15-19,15,5,2.272,0.827,5.693
104,392,,JPN,JP,392,4,Country/Area,906,Japan,2,Medium,2030,2030.5,20-24,20,5,21.746,7.92,58.515
104,392,,JPN,JP,392,4,Country/Area,906,Japan,2,Medium,2030,2030.5,25-29,25,5,72.284,26.325,207.207
104,392,,JPN,JP,392,4,Country/Area,906,Japan,2,Medium,2030,2030.5,30-34,30,5,98.489,35.868,298.277
104,392,,JPN,JP,392,4,Country/Area,906,Japan,2,Medium,2030,2030.5,35-39,35,5,62.577,22.79,189.322
104,392,,JPN,JP,392,4,Country/Area,906,Japan,2,Medium,2030,2030.5,40-44,40,5,16.163,5.886,52.023
104,392,,JPN,JP,392,4,Country/Area,906,Japan,2,Medium,2030,2030.5,45-49,45,5,0.871,0.317,3.082
104,392,,JPN,JP,392,4,Country/Area,906,Japan,2,Medium,2030,2030.5,50-54,50,5,0.101,0.037,0.415
104,392,,JPN,JP,392,4,Country/Area,906,Japan,2,Medium,2031,2031.5,14-Oct,10,5,0.08,0.029,0.168
104,392,,JPN,JP,392,4,Country/Area,906,Japan,2,Medium,2031,2031.5,15-19,15,5,2.222,0.805,5.494
104,392,,JPN,JP,392,4,Country/Area,906,Japan,2,Medium,2031,2031.5,20-24,20,5,21.478,7.785,57.412
104,392,,JPN,JP,392,4,Country/Area,906,Japan,2,Medium,2031,2031.5,25-29,25,5,71.854,26.046,202.568
104,392,,JPN,JP,392,4,Country/Area,906,Japan,2,Medium,2031,2031.5,30-34,30,5,98.875,35.84,299.445
104,392,,JPN,JP,392,4,Country/Area,906,Japan,2,Medium,2031,2031.5,35-39,35,5,63.592,23.051,192.504
104,392,,JPN,JP,392,4,Country/Area,906,Japan,2,Medium,2031,2031.5,40-44,40,5,16.726,6.063,52.88
104,392,,JPN,JP,392,4,Country/Area,906,Japan,2,Medium,2031,2031.5,45-49,45,5,0.951,0.345,3.3
104,392,,JPN,JP,392,4,Country/Area,906,Japan,2,Medium,2031,2031.5,50-54,50,5,0.101,0.036,0.397
104,392,,JPN,JP,392,4,Country/Area,906,Japan,2,Medium,2032,2032.5,14-Oct,10,5,0.078,0.028,0.161
104,392,,JPN,JP,392,4,Country/Area,906,Japan,2,Medium,2032,2032.5,15-19,15,5,2.192,0.792,5.311
104,392,,JPN,JP,392,4,Country/Area,906,Japan,2,Medium,2032,2032.5,20-24,20,5,21.175,7.648,55.982
104,392,,JPN,JP,392,4,Country/Area,906,Japan,2,Medium,2032,2032.5,25-29,25,5,71.278,25.746,198.629
104,392,,JPN,JP,392,4,Country/Area,906,Japan,2,Medium,2032,2032.5,30-34,30,5,99.156,35.816,298.744
104,392,,JPN,JP,392,4,Country/Area,906,Japan,2,Medium,2032,2032.5,35-39,35,5,64.516,23.304,195.897
104,392,,JPN,JP,392,4,Country/Area,906,Japan,2,Medium,2032,2032.5,40-44,40,5,17.314,6.254,53.92
104,392,,JPN,JP,392,4,Country/Area,906,Japan,2,Medium,2032,2032.5,45-49,45,5,1.043,0.377,3.56
104,392,,JPN,JP,392,4,Country/Area,906,Japan,2,Medium,2032,2032.5,50-54,50,5,0.1,0.036,0.38
104,392,,JPN,JP,392,4,Country/Area,906,Japan,2,Medium,2033,2033.5,14-Oct,10,5,0.077,0.028,0.157
104,392,,JPN,JP,392,4,Country/Area,906,Japan,2,Medium,2033,2033.5,15-19,15,5,2.176,0.782,5.121
104,392,,JPN,JP,392,4,Country/Area,906,Japan,2,Medium,2033,2033.5,20-24,20,5,20.87,7.5,54.52
104,392,,JPN,JP,392,4,Country/Area,906,Japan,2,Medium,2033,2033.5,25-29,25,5,70.86,25.463,195.952
104,392,,JPN,JP,392,4,Country/Area,906,Japan,2,Medium,2033,2033.5,30-34,30,5,99.603,35.791,297.382
104,392,,JPN,JP,392,4,Country/Area,906,Japan,2,Medium,2033,2033.5,35-39,35,5,65.455,23.521,199.679
104,392,,JPN,JP,392,4,Country/Area,906,Japan,2,Medium,2033,2033.5,40-44,40,5,17.987,6.463,55.13
104,392,,JPN,JP,392,4,Country/Area,906,Japan,2,Medium,2033,2033.5,45-49,45,5,1.159,0.416,3.888
104,392,,JPN,JP,392,4,Country/Area,906,Japan,2,Medium,2033,2033.5,50-54,50,5,0.099,0.036,0.366
104,392,,JPN,JP,392,4,Country/Area,906,Japan,2,Medium,2034,2034.5,14-Oct,10,5,0.077,0.027,0.155
104,392,,JPN,JP,392,4,Country/Area,906,Japan,2,Medium,2034,2034.5,15-19,15,5,2.16,0.772,4.913
104,392,,JPN,JP,392,4,Country/Area,906,Japan,2,Medium,2034,2034.5,20-24,20,5,20.572,7.35,53.043
104,392,,JPN,JP,392,4,Country/Area,906,Japan,2,Medium,2034,2034.5,25-29,25,5,70.555,25.209,194.041
104,392,,JPN,JP,392,4,Country/Area,906,Japan,2,Medium,2034,2034.5,30-34,30,5,100.033,35.742,295.163
104,392,,JPN,JP,392,4,Country/Area,906,Japan,2,Medium,2034,2034.5,35-39,35,5,66.4,23.725,202.691
104,392,,JPN,JP,392,4,Country/Area,906,Japan,2,Medium,2034,2034.5,40-44,40,5,18.717,6.688,56.902
104,392,,JPN,JP,392,4,Country/Area,906,Japan,2,Medium,2034,2034.5,45-49,45,5,1.266,0.452,4.165
104,392,,JPN,JP,392,4,Country/Area,906,Japan,2,Medium,2034,2034.5,50-54,50,5,0.098,0.035,0.354
104,392,,JPN,JP,392,4,Country/Area,906,Japan,2,Medium,2035,2035.5,14-Oct,10,5,0.076,0.027,0.153
104,392,,JPN,JP,392,4,Country/Area,906,Japan,2,Medium,2035,2035.5,15-19,15,5,2.118,0.755,4.648
104,392,,JPN,JP,392,4,Country/Area,906,Japan,2,Medium,2035,2035.5,20-24,20,5,20.222,7.209,51.468
104,392,,JPN,JP,392,4,Country/Area,906,Japan,2,Medium,2035,2035.5,25-29,25,5,70.132,25.001,192.042
104,392,,JPN,JP,392,4,Country/Area,906,Japan,2,Medium,2035,2035.5,30-34,30,5,100.087,35.679,290.668
104,392,,JPN,JP,392,4,Country/Area,906,Japan,2,Medium,2035,2035.5,35-39,35,5,67.103,23.921,204.815
104,392,,JPN,JP,392,4,Country/Area,906,Japan,2,Medium,2035,2035.5,40-44,40,5,19.32,6.887,58.676
104,392,,JPN,JP,392,4,Country/Area,906,Japan,2,Medium,2035,2035.5,45-49,45,5,1.369,0.488,4.407
104,392,,JPN,JP,392,4,Country/Area,906,Japan,2,Medium,2035,2035.5,50-54,50,5,0.098,0.035,0.344
104,392,,JPN,JP,392,4,Country/Area,906,Japan,2,Medium,2036,2036.5,14-Oct,10,5,0.075,0.027,0.151
104,392,,JPN,JP,392,4,Country/Area,906,Japan,2,Medium,2036,2036.5,15-19,15,5,2.041,0.727,4.331
104,392,,JPN,JP,392,4,Country/Area,906,Japan,2,Medium,2036,2036.5,20-24,20,5,19.899,7.084,49.994
104,392,,JPN,JP,392,4,Country/Area,906,Japan,2,Medium,2036,2036.5,25-29,25,5,69.719,24.82,189.673
104,392,,JPN,JP,392,4,Country/Area,906,Japan,2,Medium,2036,2036.5,30-34,30,5,100.059,35.621,285.852
104,392,,JPN,JP,392,4,Country/Area,906,Japan,2,Medium,2036,2036.5,35-39,35,5,67.682,24.095,206.587
104,392,,JPN,JP,392,4,Country/Area,906,Japan,2,Medium,2036,2036.5,40-44,40,5,19.831,7.06,60.267
104,392,,JPN,JP,392,4,Country/Area,906,Japan,2,Medium,2036,2036.5,45-49,45,5,1.494,0.532,4.726
104,392,,JPN,JP,392,4,Country/Area,906,Japan,2,Medium,2036,2036.5,50-54,50,5,0.096,0.034,0.334
104,392,,JPN,JP,392,4,Country/Area,906,Japan,2,Medium,2037,2037.5,14-Oct,10,5,0.074,0.026,0.149
104,392,,JPN,JP,392,4,Country/Area,906,Japan,2,Medium,2037,2037.5,15-19,15,5,1.971,0.699,4.083
104,392,,JPN,JP,392,4,Country/Area,906,Japan,2,Medium,2037,2037.5,20-24,20,5,19.757,7.004,48.66
104,392,,JPN,JP,392,4,Country/Area,906,Japan,2,Medium,2037,2037.5,25-29,25,5,69.47,24.627,186.975
104,392,,JPN,JP,392,4,Country/Area,906,Japan,2,Medium,2037,2037.5,30-34,30,5,100.309,35.559,283.321
104,392,,JPN,JP,392,4,Country/Area,906,Japan,2,Medium,2037,2037.5,35-39,35,5,68.398,24.246,207.708
104,392,,JPN,JP,392,4,Country/Area,906,Japan,2,Medium,2037,2037.5,40-44,40,5,20.383,7.226,62.135
104,392,,JPN,JP,392,4,Country/Area,906,Japan,2,Medium,2037,2037.5,45-49,45,5,1.636,0.58,5.099
104,392,,JPN,JP,392,4,Country/Area,906,Japan,2,Medium,2037,2037.5,50-54,50,5,0.095,0.034,0.322
104,392,,JPN,JP,392,4,Country/Area,906,Japan,2,Medium,2038,2038.5,14-Oct,10,5,0.074,0.026,0.148
104,392,,JPN,JP,392,4,Country/Area,906,Japan,2,Medium,2038,2038.5,15-19,15,5,1.918,0.677,3.916
104,392,,JPN,JP,392,4,Country/Area,906,Japan,2,Medium,2038,2038.5,20-24,20,5,19.672,6.943,47.07
104,392,,JPN,JP,392,4,Country/Area,906,Japan,2,Medium,2038,2038.5,25-29,25,5,69.178,24.418,184.011
104,392,,JPN,JP,392,4,Country/Area,906,Japan,2,Medium,2038,2038.5,30-34,30,5,100.607,35.511,282.022
104,392,,JPN,JP,392,4,Country/Area,906,Japan,2,Medium,2038,2038.5,35-39,35,5,69.098,24.389,207.963
104,392,,JPN,JP,392,4,Country/Area,906,Japan,2,Medium,2038,2038.5,40-44,40,5,20.888,7.373,63.973
104,392,,JPN,JP,392,4,Country/Area,906,Japan,2,Medium,2038,2038.5,45-49,45,5,1.785,0.63,5.473
104,392,,JPN,JP,392,4,Country/Area,906,Japan,2,Medium,2038,2038.5,50-54,50,5,0.093,0.033,0.312
104,392,,JPN,JP,392,4,Country/Area,906,Japan,2,Medium,2039,2039.5,14-Oct,10,5,0.073,0.026,0.147
104,392,,JPN,JP,392,4,Country/Area,906,Japan,2,Medium,2039,2039.5,15-19,15,5,1.883,0.66,3.822
104,392,,JPN,JP,392,4,Country/Area,906,Japan,2,Medium,2039,2039.5,20-24,20,5,19.615,6.881,45.39
104,392,,JPN,JP,392,4,Country/Area,906,Japan,2,Medium,2039,2039.5,25-29,25,5,69.026,24.214,181.277
104,392,,JPN,JP,392,4,Country/Area,906,Japan,2,Medium,2039,2039.5,30-34,30,5,101.089,35.462,281.85
104,392,,JPN,JP,392,4,Country/Area,906,Japan,2,Medium,2039,2039.5,35-39,35,5,69.883,24.515,207.889
104,392,,JPN,JP,392,4,Country/Area,906,Japan,2,Medium,2039,2039.5,40-44,40,5,21.431,7.518,65.679
104,392,,JPN,JP,392,4,Country/Area,906,Japan,2,Medium,2039,2039.5,45-49,45,5,1.972,0.692,5.999
104,392,,JPN,JP,392,4,Country/Area,906,Japan,2,Medium,2039,2039.5,50-54,50,5,0.092,0.032,0.303
104,392,,JPN,JP,392,4,Country/Area,906,Japan,2,Medium,2040,2040.5,14-Oct,10,5,0.072,0.025,0.146
104,392,,JPN,JP,392,4,Country/Area,906,Japan,2,Medium,2040,2040.5,15-19,15,5,1.855,0.648,3.754
104,392,,JPN,JP,392,4,Country/Area,906,Japan,2,Medium,2040,2040.5,20-24,20,5,19.428,6.787,43.408
104,392,,JPN,JP,392,4,Country/Area,906,Japan,2,Medium,2040,2040.5,25-29,25,5,68.789,24.031,178.368
104,392,,JPN,JP,392,4,Country/Area,906,Japan,2,Medium,2040,2040.5,30-34,30,5,101.373,35.414,281.439
104,392,,JPN,JP,392,4,Country/Area,906,Japan,2,Medium,2040,2040.5,35-39,35,5,70.566,24.651,206.647
104,392,,JPN,JP,392,4,Country/Area,906,Japan,2,Medium,2040,2040.5,40-44,40,5,21.946,7.667,67.254
104,392,,JPN,JP,392,4,Country/Area,906,Japan,2,Medium,2040,2040.5,45-49,45,5,2.135,0.746,6.49
104,392,,JPN,JP,392,4,Country/Area,906,Japan,2,Medium,2040,2040.5,50-54,50,5,0.091,0.032,0.293
104,392,,JPN,JP,392,4,Country/Area,906,Japan,2,Medium,2041,2041.5,14-Oct,10,5,0.072,0.025,0.144
104,392,,JPN,JP,392,4,Country/Area,906,Japan,2,Medium,2041,2041.5,15-19,15,5,1.828,0.636,3.692
104,392,,JPN,JP,392,4,Country/Area,906,Japan,2,Medium,2041,2041.5,20-24,20,5,19.078,6.636,41.246
104,392,,JPN,JP,392,4,Country/Area,906,Japan,2,Medium,2041,2041.5,25-29,25,5,68.641,23.877,175.729
104,392,,JPN,JP,392,4,Country/Area,906,Japan,2,Medium,2041,2041.5,30-34,30,5,101.683,35.37,280.5
104,392,,JPN,JP,392,4,Country/Area,906,Japan,2,Medium,2041,2041.5,35-39,35,5,71.368,24.825,205.628
104,392,,JPN,JP,392,4,Country/Area,906,Japan,2,Medium,2041,2041.5,40-44,40,5,22.439,7.805,68.768
104,392,,JPN,JP,392,4,Country/Area,906,Japan,2,Medium,2041,2041.5,45-49,45,5,2.283,0.794,6.944
104,392,,JPN,JP,392,4,Country/Area,906,Japan,2,Medium,2041,2041.5,50-54,50,5,0.09,0.031,0.284
104,392,,JPN,JP,392,4,Country/Area,906,Japan,2,Medium,2042,2042.5,14-Oct,10,5,0.071,0.025,0.142
104,392,,JPN,JP,392,4,Country/Area,906,Japan,2,Medium,2042,2042.5,15-19,15,5,1.802,0.625,3.638
104,392,,JPN,JP,392,4,Country/Area,906,Japan,2,Medium,2042,2042.5,20-24,20,5,18.687,6.485,39.445
104,392,,JPN,JP,392,4,Country/Area,906,Japan,2,Medium,2042,2042.5,25-29,25,5,68.509,23.774,172.01
104,392,,JPN,JP,392,4,Country/Area,906,Japan,2,Medium,2042,2042.5,30-34,30,5,101.72,35.299,277.653
104,392,,JPN,JP,392,4,Country/Area,906,Japan,2,Medium,2042,2042.5,35-39,35,5,72.02,24.993,205.183
104,392,,JPN,JP,392,4,Country/Area,906,Japan,2,Medium,2042,2042.5,40-44,40,5,22.821,7.919,69.587
104,392,,JPN,JP,392,4,Country/Area,906,Japan,2,Medium,2042,2042.5,45-49,45,5,2.447,0.849,7.464
104,392,,JPN,JP,392,4,Country/Area,906,Japan,2,Medium,2042,2042.5,50-54,50,5,0.088,0.031,0.274
104,392,,JPN,JP,392,4,Country/Area,906,Japan,2,Medium,2043,2043.5,14-Oct,10,5,0.07,0.024,0.139
104,392,,JPN,JP,392,4,Country/Area,906,Japan,2,Medium,2043,2043.5,15-19,15,5,1.772,0.615,3.581
104,392,,JPN,JP,392,4,Country/Area,906,Japan,2,Medium,2043,2043.5,20-24,20,5,18.313,6.361,38.13
104,392,,JPN,JP,392,4,Country/Area,906,Japan,2,Medium,2043,2043.5,25-29,25,5,68.211,23.692,166.486
104,392,,JPN,JP,392,4,Country/Area,906,Japan,2,Medium,2043,2043.5,30-34,30,5,101.408,35.222,273.619
104,392,,JPN,JP,392,4,Country/Area,906,Japan,2,Medium,2043,2043.5,35-39,35,5,72.389,25.143,204.702
104,392,,JPN,JP,392,4,Country/Area,906,Japan,2,Medium,2043,2043.5,40-44,40,5,23.079,8.016,69.752
104,392,,JPN,JP,392,4,Country/Area,906,Japan,2,Medium,2043,2043.5,45-49,45,5,2.583,0.897,7.918
104,392,,JPN,JP,392,4,Country/Area,906,Japan,2,Medium,2043,2043.5,50-54,50,5,0.086,0.03,0.263
104,392,,JPN,JP,392,4,Country/Area,906,Japan,2,Medium,2044,2044.5,14-Oct,10,5,0.069,0.024,0.138
104,392,,JPN,JP,392,4,Country/Area,906,Japan,2,Medium,2044,2044.5,15-19,15,5,1.756,0.607,3.548
104,392,,JPN,JP,392,4,Country/Area,906,Japan,2,Medium,2044,2044.5,20-24,20,5,18.131,6.266,37.521
104,392,,JPN,JP,392,4,Country/Area,906,Japan,2,Medium,2044,2044.5,25-29,25,5,68.288,23.599,161.303
104,392,,JPN,JP,392,4,Country/Area,906,Japan,2,Medium,2044,2044.5,30-34,30,5,101.736,35.158,271.076
104,392,,JPN,JP,392,4,Country/Area,906,Japan,2,Medium,2044,2044.5,35-39,35,5,73.116,25.267,205.664
104,392,,JPN,JP,392,4,Country/Area,906,Japan,2,Medium,2044,2044.5,40-44,40,5,23.456,8.106,70.079
104,392,,JPN,JP,392,4,Country/Area,906,Japan,2,Medium,2044,2044.5,45-49,45,5,2.732,0.944,8.379
104,392,,JPN,JP,392,4,Country/Area,906,Japan,2,Medium,2044,2044.5,50-54,50,5,0.085,0.03,0.26
104,392,,JPN,JP,392,4,Country/Area,906,Japan,2,Medium,2045,2045.5,14-Oct,10,5,0.068,0.023,0.135
104,392,,JPN,JP,392,4,Country/Area,906,Japan,2,Medium,2045,2045.5,15-19,15,5,1.739,0.6,3.515
104,392,,JPN,JP,392,4,Country/Area,906,Japan,2,Medium,2045,2045.5,20-24,20,5,17.959,6.196,37.073
104,392,,JPN,JP,392,4,Country/Area,906,Japan,2,Medium,2045,2045.5,25-29,25,5,67.999,23.461,155.208
104,392,,JPN,JP,392,4,Country/Area,906,Japan,2,Medium,2045,2045.5,30-34,30,5,101.787,35.119,267.838
104,392,,JPN,JP,392,4,Country/Area,906,Japan,2,Medium,2045,2045.5,35-39,35,5,73.51,25.363,205.905
104,392,,JPN,JP,392,4,Country/Area,906,Japan,2,Medium,2045,2045.5,40-44,40,5,23.798,8.211,70.001
104,392,,JPN,JP,392,4,Country/Area,906,Japan,2,Medium,2045,2045.5,45-49,45,5,2.891,0.998,8.868
104,392,,JPN,JP,392,4,Country/Area,906,Japan,2,Medium,2045,2045.5,50-54,50,5,0.084,0.029,0.255
104,392,,JPN,JP,392,4,Country/Area,906,Japan,2,Medium,2046,2046.5,14-Oct,10,5,0.067,0.023,0.134
104,392,,JPN,JP,392,4,Country/Area,906,Japan,2,Medium,2046,2046.5,15-19,15,5,1.729,0.595,3.497
104,392,,JPN,JP,392,4,Country/Area,906,Japan,2,Medium,2046,2046.5,20-24,20,5,17.824,6.134,36.712
104,392,,JPN,JP,392,4,Country/Area,906,Japan,2,Medium,2046,2046.5,25-29,25,5,67.585,23.261,149.383
104,392,,JPN,JP,392,4,Country/Area,906,Japan,2,Medium,2046,2046.5,30-34,30,5,102.01,35.109,265.078
104,392,,JPN,JP,392,4,Country/Area,906,Japan,2,Medium,2046,2046.5,35-39,35,5,73.952,25.452,205.841
104,392,,JPN,JP,392,4,Country/Area,906,Japan,2,Medium,2046,2046.5,40-44,40,5,24.264,8.351,70.23
104,392,,JPN,JP,392,4,Country/Area,906,Japan,2,Medium,2046,2046.5,45-49,45,5,3.042,1.047,9.332
104,392,,JPN,JP,392,4,Country/Area,906,Japan,2,Medium,2046,2046.5,50-54,50,5,0.082,0.028,0.25
104,392,,JPN,JP,392,4,Country/Area,906,Japan,2,Medium,2047,2047.5,14-Oct,10,5,0.066,0.023,0.133
104,392,,JPN,JP,392,4,Country/Area,906,Japan,2,Medium,2047,2047.5,15-19,15,5,1.717,0.59,3.473
104,392,,JPN,JP,392,4,Country/Area,906,Japan,2,Medium,2047,2047.5,20-24,20,5,17.693,6.079,36.437
104,392,,JPN,JP,392,4,Country/Area,906,Japan,2,Medium,2047,2047.5,25-29,25,5,67.137,23.066,144.96
104,392,,JPN,JP,392,4,Country/Area,906,Japan,2,Medium,2047,2047.5,30-34,30,5,102.136,35.09,260.376
104,392,,JPN,JP,392,4,Country/Area,906,Japan,2,Medium,2047,2047.5,35-39,35,5,74.322,25.535,204.725
104,392,,JPN,JP,392,4,Country/Area,906,Japan,2,Medium,2047,2047.5,40-44,40,5,24.757,8.506,70.865
104,392,,JPN,JP,392,4,Country/Area,906,Japan,2,Medium,2047,2047.5,45-49,45,5,3.155,1.084,9.632
104,392,,JPN,JP,392,4,Country/Area,906,Japan,2,Medium,2047,2047.5,50-54,50,5,0.081,0.028,0.247
104,392,,JPN,JP,392,4,Country/Area,906,Japan,2,Medium,2048,2048.5,14-Oct,10,5,0.066,0.022,0.13
104,392,,JPN,JP,392,4,Country/Area,906,Japan,2,Medium,2048,2048.5,15-19,15,5,1.707,0.586,3.449
104,392,,JPN,JP,392,4,Country/Area,906,Japan,2,Medium,2048,2048.5,20-24,20,5,17.572,6.027,36.203
104,392,,JPN,JP,392,4,Country/Area,906,Japan,2,Medium,2048,2048.5,25-29,25,5,66.767,22.902,142.247
104,392,,JPN,JP,392,4,Country/Area,906,Japan,2,Medium,2048,2048.5,30-34,30,5,102.186,35.052,253.357
104,392,,JPN,JP,392,4,Country/Area,906,Japan,2,Medium,2048,2048.5,35-39,35,5,74.684,25.618,203.381
104,392,,JPN,JP,392,4,Country/Area,906,Japan,2,Medium,2048,2048.5,40-44,40,5,25.202,8.645,71.608
104,392,,JPN,JP,392,4,Country/Area,906,Japan,2,Medium,2048,2048.5,45-49,45,5,3.269,1.121,9.891
104,392,,JPN,JP,392,4,Country/Area,906,Japan,2,Medium,2048,2048.5,50-54,50,5,0.079,0.027,0.241
104,392,,JPN,JP,392,4,Country/Area,906,Japan,2,Medium,2049,2049.5,14-Oct,10,5,0.065,0.022,0.127
104,392,,JPN,JP,392,4,Country/Area,906,Japan,2,Medium,2049,2049.5,15-19,15,5,1.702,0.582,3.437
104,392,,JPN,JP,392,4,Country/Area,906,Japan,2,Medium,2049,2049.5,20-24,20,5,17.502,5.982,36.069
104,392,,JPN,JP,392,4,Country/Area,906,Japan,2,Medium,2049,2049.5,25-29,25,5,66.652,22.779,141.162
104,392,,JPN,JP,392,4,Country/Area,906,Japan,2,Medium,2049,2049.5,30-34,30,5,102.428,35.007,245.914
104,392,,JPN,JP,392,4,Country/Area,906,Japan,2,Medium,2049,2049.5,35-39,35,5,75.184,25.695,202.218
104,392,,JPN,JP,392,4,Country/Area,906,Japan,2,Medium,2049,2049.5,40-44,40,5,25.597,8.748,72.349
104,392,,JPN,JP,392,4,Country/Area,906,Japan,2,Medium,2049,2049.5,45-49,45,5,3.391,1.159,10.144
104,392,,JPN,JP,392,4,Country/Area,906,Japan,2,Medium,2049,2049.5,50-54,50,5,0.077,0.026,0.237
104,392,,JPN,JP,392,4,Country/Area,906,Japan,2,Medium,2050,2050.5,14-Oct,10,5,0.064,0.022,0.126
104,392,,JPN,JP,392,4,Country/Area,906,Japan,2,Medium,2050,2050.5,15-19,15,5,1.699,0.579,3.425
104,392,,JPN,JP,392,4,Country/Area,906,Japan,2,Medium,2050,2050.5,20-24,20,5,17.448,5.945,35.977
104,392,,JPN,JP,392,4,Country/Area,906,Japan,2,Medium,2050,2050.5,25-29,25,5,66.595,22.69,140.699
104,392,,JPN,JP,392,4,Country/Area,906,Japan,2,Medium,2050,2050.5,30-34,30,5,102.617,34.964,238.21
104,392,,JPN,JP,392,4,Country/Area,906,Japan,2,Medium,2050,2050.5,35-39,35,5,75.619,25.765,200.891
104,392,,JPN,JP,392,4,Country/Area,906,Japan,2,Medium,2050,2050.5,40-44,40,5,25.856,8.81,72.781
104,392,,JPN,JP,392,4,Country/Area,906,Japan,2,Medium,2050,2050.5,45-49,45,5,3.519,1.199,10.365
104,392,,JPN,JP,392,4,Country/Area,906,Japan,2,Medium,2050,2050.5,50-54,50,5,0.076,0.026,0.232
104,392,,JPN,JP,392,4,Country/Area,906,Japan,2,Medium,2051,2051.5,14-Oct,10,5,0.063,0.021,0.124
104,392,,JPN,JP,392,4,Country/Area,906,Japan,2,Medium,2051,2051.5,15-19,15,5,1.7,0.577,3.42
104,392,,JPN,JP,392,4,Country/Area,906,Japan,2,Medium,2051,2051.5,20-24,20,5,17.425,5.917,35.945
104,392,,JPN,JP,392,4,Country/Area,906,Japan,2,Medium,2051,2051.5,25-29,25,5,66.58,22.609,140.368
104,392,,JPN,JP,392,4,Country/Area,906,Japan,2,Medium,2051,2051.5,30-34,30,5,102.857,34.928,231.344
104,392,,JPN,JP,392,4,Country/Area,906,Japan,2,Medium,2051,2051.5,35-39,35,5,76.026,25.817,199.485
104,392,,JPN,JP,392,4,Country/Area,906,Japan,2,Medium,2051,2051.5,40-44,40,5,26.065,8.851,72.914
104,392,,JPN,JP,392,4,Country/Area,906,Japan,2,Medium,2051,2051.5,45-49,45,5,3.691,1.253,10.697
104,392,,JPN,JP,392,4,Country/Area,906,Japan,2,Medium,2051,2051.5,50-54,50,5,0.074,0.025,0.226
104,392,,JPN,JP,392,4,Country/Area,906,Japan,2,Medium,2052,2052.5,14-Oct,10,5,0.062,0.021,0.121
104,392,,JPN,JP,392,4,Country/Area,906,Japan,2,Medium,2052,2052.5,15-19,15,5,1.708,0.577,3.425
104,392,,JPN,JP,392,4,Country/Area,906,Japan,2,Medium,2052,2052.5,20-24,20,5,17.45,5.893,35.987
104,392,,JPN,JP,392,4,Country/Area,906,Japan,2,Medium,2052,2052.5,25-29,25,5,66.757,22.545,140.716
104,392,,JPN,JP,392,4,Country/Area,906,Japan,2,Medium,2052,2052.5,30-34,30,5,103.363,34.908,227.209
104,392,,JPN,JP,392,4,Country/Area,906,Japan,2,Medium,2052,2052.5,35-39,35,5,76.447,25.818,196.833
104,392,,JPN,JP,392,4,Country/Area,906,Japan,2,Medium,2052,2052.5,40-44,40,5,26.356,8.901,72.967
104,392,,JPN,JP,392,4,Country/Area,906,Japan,2,Medium,2052,2052.5,45-49,45,5,3.89,1.314,11.151
104,392,,JPN,JP,392,4,Country/Area,906,Japan,2,Medium,2052,2052.5,50-54,50,5,0.072,0.024,0.22
104,392,,JPN,JP,392,4,Country/Area,906,Japan,2,Medium,2053,2053.5,14-Oct,10,5,0.062,0.021,0.119
104,392,,JPN,JP,392,4,Country/Area,906,Japan,2,Medium,2053,2053.5,15-19,15,5,1.71,0.577,3.415
104,392,,JPN,JP,392,4,Country/Area,906,Japan,2,Medium,2053,2053.5,20-24,20,5,17.407,5.874,35.872
104,392,,JPN,JP,392,4,Country/Area,906,Japan,2,Medium,2053,2053.5,25-29,25,5,66.655,22.492,140.568
104,392,,JPN,JP,392,4,Country/Area,906,Japan,2,Medium,2053,2053.5,30-34,30,5,103.388,34.888,224.31
104,392,,JPN,JP,392,4,Country/Area,906,Japan,2,Medium,2053,2053.5,35-39,35,5,76.457,25.8,191.521
104,392,,JPN,JP,392,4,Country/Area,906,Japan,2,Medium,2053,2053.5,40-44,40,5,26.574,8.967,72.742
104,392,,JPN,JP,392,4,Country/Area,906,Japan,2,Medium,2053,2053.5,45-49,45,5,4.024,1.358,11.45
104,392,,JPN,JP,392,4,Country/Area,906,Japan,2,Medium,2053,2053.5,50-54,50,5,0.07,0.024,0.212
104,392,,JPN,JP,392,4,Country/Area,906,Japan,2,Medium,2054,2054.5,14-Oct,10,5,0.061,0.021,0.116
104,392,,JPN,JP,392,4,Country/Area,906,Japan,2,Medium,2054,2054.5,15-19,15,5,1.703,0.577,3.388
104,392,,JPN,JP,392,4,Country/Area,906,Japan,2,Medium,2054,2054.5,20-24,20,5,17.294,5.859,35.612
104,392,,JPN,JP,392,4,Country/Area,906,Japan,2,Medium,2054,2054.5,25-29,25,5,66.268,22.451,139.79
104,392,,JPN,JP,392,4,Country/Area,906,Japan,2,Medium,2054,2054.5,30-34,30,5,102.923,34.87,222.002
104,392,,JPN,JP,392,4,Country/Area,906,Japan,2,Medium,2054,2054.5,35-39,35,5,76.113,25.787,184.693
104,392,,JPN,JP,392,4,Country/Area,906,Japan,2,Medium,2054,2054.5,40-44,40,5,26.646,9.028,72.049
104,392,,JPN,JP,392,4,Country/Area,906,Japan,2,Medium,2054,2054.5,45-49,45,5,4.088,1.385,11.574
104,392,,JPN,JP,392,4,Country/Area,906,Japan,2,Medium,2054,2054.5,50-54,50,5,0.068,0.023,0.204
104,392,,JPN,JP,392,4,Country/Area,906,Japan,2,Medium,2055,2055.5,14-Oct,10,5,0.06,0.02,0.113
104,392,,JPN,JP,392,4,Country/Area,906,Japan,2,Medium,2055,2055.5,15-19,15,5,1.704,0.577,3.372
104,392,,JPN,JP,392,4,Country/Area,906,Japan,2,Medium,2055,2055.5,20-24,20,5,17.258,5.849,35.494
104,392,,JPN,JP,392,4,Country/Area,906,Japan,2,Medium,2055,2055.5,25-29,25,5,66.149,22.418,139.607
104,392,,JPN,JP,392,4,Country/Area,906,Japan,2,Medium,2055,2055.5,30-34,30,5,102.816,34.845,221.248
104,392,,JPN,JP,392,4,Country/Area,906,Japan,2,Medium,2055,2055.5,35-39,35,5,76.129,25.8,178.687
104,392,,JPN,JP,392,4,Country/Area,906,Japan,2,Medium,2055,2055.5,40-44,40,5,26.763,9.07,71.484
104,392,,JPN,JP,392,4,Country/Area,906,Japan,2,Medium,2055,2055.5,45-49,45,5,4.127,1.399,11.639
104,392,,JPN,JP,392,4,Country/Area,906,Japan,2,Medium,2055,2055.5,50-54,50,5,0.066,0.022,0.194
104,392,,JPN,JP,392,4,Country/Area,906,Japan,2,Medium,2056,2056.5,14-Oct,10,5,0.059,0.02,0.11
104,392,,JPN,JP,392,4,Country/Area,906,Japan,2,Medium,2056,2056.5,15-19,15,5,1.715,0.578,3.38
104,392,,JPN,JP,392,4,Country/Area,906,Japan,2,Medium,2056,2056.5,20-24,20,5,17.33,5.842,35.562
104,392,,JPN,JP,392,4,Country/Area,906,Japan,2,Medium,2056,2056.5,25-29,25,5,66.393,22.383,140.189
104,392,,JPN,JP,392,4,Country/Area,906,Japan,2,Medium,2056,2056.5,30-34,30,5,103.225,34.8,221.664
104,392,,JPN,JP,392,4,Country/Area,906,Japan,2,Medium,2056,2056.5,35-39,35,5,76.706,25.86,174.517
104,392,,JPN,JP,392,4,Country/Area,906,Japan,2,Medium,2056,2056.5,40-44,40,5,26.954,9.087,71.116
104,392,,JPN,JP,392,4,Country/Area,906,Japan,2,Medium,2056,2056.5,45-49,45,5,4.172,1.407,11.694
104,392,,JPN,JP,392,4,Country/Area,906,Japan,2,Medium,2056,2056.5,50-54,50,5,0.064,0.022,0.186
104,392,,JPN,JP,392,4,Country/Area,906,Japan,2,Medium,2057,2057.5,14-Oct,10,5,0.058,0.02,0.108
104,392,,JPN,JP,392,4,Country/Area,906,Japan,2,Medium,2057,2057.5,15-19,15,5,1.724,0.581,3.381
104,392,,JPN,JP,392,4,Country/Area,906,Japan,2,Medium,2057,2057.5,20-24,20,5,17.349,5.846,35.49
104,392,,JPN,JP,392,4,Country/Area,906,Japan,2,Medium,2057,2057.5,25-29,25,5,66.378,22.366,140.116
104,392,,JPN,JP,392,4,Country/Area,906,Japan,2,Medium,2057,2057.5,30-34,30,5,103.203,34.775,221.584
104,392,,JPN,JP,392,4,Country/Area,906,Japan,2,Medium,2057,2057.5,35-39,35,5,76.933,25.923,171.116
104,392,,JPN,JP,392,4,Country/Area,906,Japan,2,Medium,2057,2057.5,40-44,40,5,26.861,9.051,69.555
104,392,,JPN,JP,392,4,Country/Area,906,Japan,2,Medium,2057,2057.5,45-49,45,5,4.206,1.417,11.668
104,392,,JPN,JP,392,4,Country/Area,906,Japan,2,Medium,2057,2057.5,50-54,50,5,0.063,0.021,0.18
104,392,,JPN,JP,392,4,Country/Area,906,Japan,2,Medium,2058,2058.5,14-Oct,10,5,0.057,0.019,0.105
104,392,,JPN,JP,392,4,Country/Area,906,Japan,2,Medium,2058,2058.5,15-19,15,5,1.741,0.585,3.392
104,392,,JPN,JP,392,4,Country/Area,906,Japan,2,Medium,2058,2058.5,20-24,20,5,17.422,5.855,35.51
104,392,,JPN,JP,392,4,Country/Area,906,Japan,2,Medium,2058,2058.5,25-29,25,5,66.548,22.365,140.384
104,392,,JPN,JP,392,4,Country/Area,906,Japan,2,Medium,2058,2058.5,30-34,30,5,103.441,34.764,222.202
104,392,,JPN,JP,392,4,Country/Area,906,Japan,2,Medium,2058,2058.5,35-39,35,5,77.249,25.961,169.614
104,392,,JPN,JP,392,4,Country/Area,906,Japan,2,Medium,2058,2058.5,40-44,40,5,26.76,8.993,67.428
104,392,,JPN,JP,392,4,Country/Area,906,Japan,2,Medium,2058,2058.5,45-49,45,5,4.274,1.437,11.725
104,392,,JPN,JP,392,4,Country/Area,906,Japan,2,Medium,2058,2058.5,50-54,50,5,0.062,0.021,0.174
104,392,,JPN,JP,392,4,Country/Area,906,Japan,2,Medium,2059,2059.5,14-Oct,10,5,0.057,0.019,0.103
104,392,,JPN,JP,392,4,Country/Area,906,Japan,2,Medium,2059,2059.5,15-19,15,5,1.742,0.587,3.363
104,392,,JPN,JP,392,4,Country/Area,906,Japan,2,Medium,2059,2059.5,20-24,20,5,17.381,5.857,35.274
104,392,,JPN,JP,392,4,Country/Area,906,Japan,2,Medium,2059,2059.5,25-29,25,5,66.39,22.371,139.949
104,392,,JPN,JP,392,4,Country/Area,906,Japan,2,Medium,2059,2059.5,30-34,30,5,103.193,34.772,221.733
104,392,,JPN,JP,392,4,Country/Area,906,Japan,2,Medium,2059,2059.5,35-39,35,5,77.131,25.99,168.388
104,392,,JPN,JP,392,4,Country/Area,906,Japan,2,Medium,2059,2059.5,40-44,40,5,26.553,8.947,64.832
104,392,,JPN,JP,392,4,Country/Area,906,Japan,2,Medium,2059,2059.5,45-49,45,5,4.26,1.436,11.545
104,392,,JPN,JP,392,4,Country/Area,906,Japan,2,Medium,2059,2059.5,50-54,50,5,0.062,0.021,0.174
